transaction_hash,block_number,builder_reward,ethusd_price,from_address,to_address,TX Category,Unified TX Categories,Complex?,Execution,Execution Protocol,Token,Block POS,MEV?,Relay,EigenTX
0x4be44a26a0a0f6dd6d83373bfbd023e385b2b5d5ec4b14ea3bf852d299760dde,19521139,6.13218046,,0x1df2ce7ee67b94de3f8abd206d7fe748fe352b1e,0x2b8bc3f432f5a95aadd0593d39e8bf8a0174b7a4,Sniping,Complex Blue Chip Swap,#N/A,BOT,, ETH  WETH  COSMIC,0,N,"Aestus, Agnostic, BloXroute Max Profit, Flashbots, Ultrasound",https://eigenphi.io/mev/eigentx/0x4be44a26a0a0f6dd6d83373bfbd023e385b2b5d5ec4b14ea3bf852d299760dde
0x3d8fe7ce0c556778ede44e24a565cdf85eb029f02c910edf9ed9cc68a782ac68,19420950,5.10157837,,0x1df2ce7ee67b94de3f8abd206d7fe748fe352b1e,0x2b8bc3f432f5a95aadd0593d39e8bf8a0174b7a4,Sniping,Complex Blue Chip Swap,#N/A,BOT,, ETH  WETH  ZION,0,N,"Agnostic, BloXroute Max Profit, BloXroute Regulated, Flashbots, Ultrasound",https://eigenphi.io/mev/eigentx/0x3d8fe7ce0c556778ede44e24a565cdf85eb029f02c910edf9ed9cc68a782ac68
0xf223b7e38191dc2b0bc17f992e543c38ee31425a5f751c2db03840f8b65b3fb4,19371818,3.800331155,,0x1df2ce7ee67b94de3f8abd206d7fe748fe352b1e,0x2b8bc3f432f5a95aadd0593d39e8bf8a0174b7a4,Sniping,Complex Blue Chip Swap,#N/A,BOT,, ETH  WETH  ERROR,0,N,BloXroute [Max-Profit] (Relay)  BloXroute [Regulated] (Relay),https://eigenphi.io/mev/eigentx/0xf223b7e38191dc2b0bc17f992e543c38ee31425a5f751c2db03840f8b65b3fb4
0x98c4d65771d07659fce6ad8f7a7f76145f4010416f31794d9767a2b19e412f0e,19555214,3.11638043,,0x1df2ce7ee67b94de3f8abd206d7fe748fe352b1e,0x2b8bc3f432f5a95aadd0593d39e8bf8a0174b7a4,Sniping,Complex Blue Chip Swap,#N/A,BOT,, ETH  WETH  MWAVE,0,N,Flashbots (Relay),https://eigenphi.io/mev/eigentx/0x98c4d65771d07659fce6ad8f7a7f76145f4010416f31794d9767a2b19e412f0e
0xf77140dd5f1829b9a12b2794bf4dc9a3de07a5c86231d29e40fee613dd15abb2,19413074,2.408768592,,0x1df2ce7ee67b94de3f8abd206d7fe748fe352b1e,0x2b8bc3f432f5a95aadd0593d39e8bf8a0174b7a4,Sniping,Complex Blue Chip Swap,#N/A,BOT,, ETH  WETH  0xN,0,N,Aestus (Relay)  BloXroute [Max-Profit] (Relay)  BloXroute [Regulated] (Relay)  ultra sound (Relay),https://eigenphi.io/mev/eigentx/0xf77140dd5f1829b9a12b2794bf4dc9a3de07a5c86231d29e40fee613dd15abb2
0x53a34575b1bd9d2cdf407d8e67e80c3956a87728111113151a23d46007ae6c76,19527797,2.17285206,,0x1df2ce7ee67b94de3f8abd206d7fe748fe352b1e,0x2b8bc3f432f5a95aadd0593d39e8bf8a0174b7a4,Sniping,Complex Blue Chip Swap,#N/A,BOT,, ETH  WETH  CNAI,0,N,Agnostic (Relay)  BloXroute [Max-Profit] (Relay)  BloXroute [Regulated] (Relay)  ultra sound (Relay),https://eigenphi.io/mev/eigentx/0x53a34575b1bd9d2cdf407d8e67e80c3956a87728111113151a23d46007ae6c76
0xc01fede8975f163f0c6333091addb77d451b83d4a7dd82cc4588cbfe2df42219,19536069,2.031596415,,0x1df2ce7ee67b94de3f8abd206d7fe748fe352b1e,0x2b8bc3f432f5a95aadd0593d39e8bf8a0174b7a4,Sniping,Complex Blue Chip Swap,#N/A,BOT,, ETH  WETH  POS,0,N,Flashbots (Relay)  ultra sound (Relay),https://eigenphi.io/mev/eigentx/0xc01fede8975f163f0c6333091addb77d451b83d4a7dd82cc4588cbfe2df42219
0xd17f946deeadc201fe4b1da3446f4205a0e4acfee8e610a89120680f04640250,19421997,1.812460285,,0x1df2ce7ee67b94de3f8abd206d7fe748fe352b1e,0x2b8bc3f432f5a95aadd0593d39e8bf8a0174b7a4,Sniping,Complex Blue Chip Swap,#N/A,BOT,, ETH  WETH  NEXUS,0,N,Aestus (Relay)  BloXroute [Max-Profit] (Relay)  BloXroute [Regulated] (Relay),https://eigenphi.io/mev/eigentx/0xd17f946deeadc201fe4b1da3446f4205a0e4acfee8e610a89120680f04640250
0xebcc15b671296f96e94cccde57d0aaa023e8321724ef6cc0fa0d1cc6d5e138b2,19376644,1.14707944,,0x1df2ce7ee67b94de3f8abd206d7fe748fe352b1e,0x2b8bc3f432f5a95aadd0593d39e8bf8a0174b7a4,Sniping,Complex Blue Chip Swap,#N/A,BOT,, ETH  WETH  FGPU,0,N,BloXroute [Max-Profit] (Relay)  BloXroute [Regulated] (Relay),https://eigenphi.io/mev/eigentx/0xebcc15b671296f96e94cccde57d0aaa023e8321724ef6cc0fa0d1cc6d5e138b2
0xedcd2216e37a56f714d14ef5581db871850257862992127e50f5a101c9b8fccb,19429120,0.91804586,,0x1df2ce7ee67b94de3f8abd206d7fe748fe352b1e,0x2b8bc3f432f5a95aadd0593d39e8bf8a0174b7a4,Sniping,Complex Blue Chip Swap,#N/A,BOT,, ETH  WETH  WCT,0,N,Flashbots (Relay),https://eigenphi.io/mev/eigentx/0xedcd2216e37a56f714d14ef5581db871850257862992127e50f5a101c9b8fccb
0x2af3866ad95859ef795b28d248d74891cd502b0dd230a32259cb268e27fe0f7f,19407391,0.908958005,,0x1df2ce7ee67b94de3f8abd206d7fe748fe352b1e,0x2b8bc3f432f5a95aadd0593d39e8bf8a0174b7a4,Sniping,Complex Blue Chip Swap,#N/A,BOT,, ETH  WETH  GDT,0,N,Flashbots (Relay),https://eigenphi.io/mev/eigentx/0x2af3866ad95859ef795b28d248d74891cd502b0dd230a32259cb268e27fe0f7f
0x7dd893b009efcf7b0c53c9e2efc09ba40d9499048371446f506365abbf58f5a5,19342932,0.83501538,,0x1df2ce7ee67b94de3f8abd206d7fe748fe352b1e,0x2b8bc3f432f5a95aadd0593d39e8bf8a0174b7a4,Sniping,Complex Blue Chip Swap,#N/A,BOT,, ETH  WETH  DS,0,N,Flashbots (Relay),https://eigenphi.io/mev/eigentx/0x7dd893b009efcf7b0c53c9e2efc09ba40d9499048371446f506365abbf58f5a5
0x6a0ecf0d8db5abdb5b29bbcaa488459f76b7b06e5a84a0debcf0ccacc29b033b,19527665,0.82435578,,0x1df2ce7ee67b94de3f8abd206d7fe748fe352b1e,0x2b8bc3f432f5a95aadd0593d39e8bf8a0174b7a4,Sniping,Complex Blue Chip Swap,#N/A,BOT,, ETH  WETH  BOTAO,0,N,Aestus (Relay)  Agnostic (Relay)  BloXroute [Max-Profit] (Relay)  BloXroute [Regulated] (Relay)  Flashbots (Relay)  ultra sound (Relay),https://eigenphi.io/mev/eigentx/0x6a0ecf0d8db5abdb5b29bbcaa488459f76b7b06e5a84a0debcf0ccacc29b033b
0x8cdb83f7fdbeeadd4875e6fcbc94431ca92d121effedf9ee0ed1aaa6cbeaa90c,19513683,0.764839065,,0x1df2ce7ee67b94de3f8abd206d7fe748fe352b1e,0x2b8bc3f432f5a95aadd0593d39e8bf8a0174b7a4,Sniping,Complex Blue Chip Swap,#N/A,BOT,, ETH  WETH  SHIV,0,N,Aestus (Relay)  BloXroute [Max-Profit] (Relay)  ultra sound (Relay),https://eigenphi.io/mev/eigentx/0x8cdb83f7fdbeeadd4875e6fcbc94431ca92d121effedf9ee0ed1aaa6cbeaa90c
0x88bb54d450176c86da2fc5692d36f654adb46458d99573bc57ae62fe476f3fa2,19392820,0.71649038,,0x1df2ce7ee67b94de3f8abd206d7fe748fe352b1e,0x2b8bc3f432f5a95aadd0593d39e8bf8a0174b7a4,Sniping,Complex Blue Chip Swap,#N/A,BOT,, ETH  WETH  LIQY,0,N,Aestus (Relay)  Agnostic (Relay)  BloXroute [Max-Profit] (Relay)  BloXroute [Regulated] (Relay)  ultra sound (Relay),https://eigenphi.io/mev/eigentx/0x88bb54d450176c86da2fc5692d36f654adb46458d99573bc57ae62fe476f3fa2
0xcf2a25cb9a242aa33db1e4614752f43249e6bb73cb78183d66d31e9a11efcda3,19377427,0.712265745,,0x1df2ce7ee67b94de3f8abd206d7fe748fe352b1e,0x2b8bc3f432f5a95aadd0593d39e8bf8a0174b7a4,Sniping,Complex Blue Chip Swap,#N/A,BOT,, ETH  WETH  TPU,0,N,ultra sound (Relay),https://eigenphi.io/mev/eigentx/0xcf2a25cb9a242aa33db1e4614752f43249e6bb73cb78183d66d31e9a11efcda3
0x0ce7dbbe84e49b8704d144941ed861b0554a3202368a0509b92d29f5064722a8,19392285,0.710779415,,0x1df2ce7ee67b94de3f8abd206d7fe748fe352b1e,0x2b8bc3f432f5a95aadd0593d39e8bf8a0174b7a4,Sniping,Complex Blue Chip Swap,#N/A,BOT,, ETH  WETH  DePOOL,0,N,ultra sound (Relay),https://eigenphi.io/mev/eigentx/0x0ce7dbbe84e49b8704d144941ed861b0554a3202368a0509b92d29f5064722a8
0x7b522de22f1acee9f822d0ca66b754924444bcd44252dab461eff0c718092276,19506021,0.70644302,,0x1df2ce7ee67b94de3f8abd206d7fe748fe352b1e,0x2b8bc3f432f5a95aadd0593d39e8bf8a0174b7a4,Sniping,Complex Blue Chip Swap,#N/A,BOT,, ETH  WETH  HEM,0,N,BloXroute [Max-Profit] (Relay),https://eigenphi.io/mev/eigentx/0x7b522de22f1acee9f822d0ca66b754924444bcd44252dab461eff0c718092276
0x6a6f2c6482403d5c0efe088a45cfca5c86394f2f69cbe1e1726c1ea7dbef0449,19464208,0.669760025,,0x1df2ce7ee67b94de3f8abd206d7fe748fe352b1e,0x2b8bc3f432f5a95aadd0593d39e8bf8a0174b7a4,Sniping,Complex Blue Chip Swap,#N/A,BOT,, ETH  WETH  TGPU,0,N,Flashbots (Relay),https://eigenphi.io/mev/eigentx/0x6a6f2c6482403d5c0efe088a45cfca5c86394f2f69cbe1e1726c1ea7dbef0449
0x23c8267682541336a930c049fc2430681928706ba1ff8ec2735ef0fa7328da43,19412910,0.634407765,,0x1df2ce7ee67b94de3f8abd206d7fe748fe352b1e,0x2b8bc3f432f5a95aadd0593d39e8bf8a0174b7a4,Sniping,Complex Blue Chip Swap,#N/A,BOT,, ETH  WETH  BETA,0,N,BloXroute [Max-Profit] (Relay)  BloXroute [Regulated] (Relay)  Flashbots (Relay),https://eigenphi.io/mev/eigentx/0x23c8267682541336a930c049fc2430681928706ba1ff8ec2735ef0fa7328da43
0x2ba41a6c2c2e1c9b90398b0fdf80d717ad38ba1e06ba8689d82e85279eef9e33,19412798,0.568084005,,0x1df2ce7ee67b94de3f8abd206d7fe748fe352b1e,0x2b8bc3f432f5a95aadd0593d39e8bf8a0174b7a4,Sniping,Complex Blue Chip Swap,#N/A,BOT,, ETH  WETH  TAOVM,0,N,Agnostic (Relay)  Flashbots (Relay)  ultra sound (Relay),https://eigenphi.io/mev/eigentx/0x2ba41a6c2c2e1c9b90398b0fdf80d717ad38ba1e06ba8689d82e85279eef9e33
0xe728e164db4ca8f27355edac30e3d009ebeb0a26c193e5ee382c624d5bda9677,19377482,0.514959845,,0x1df2ce7ee67b94de3f8abd206d7fe748fe352b1e,0x2b8bc3f432f5a95aadd0593d39e8bf8a0174b7a4,Sniping,Complex Blue Chip Swap,#N/A,BOT,, ETH  WETH  CRTX,0,N,BloXroute [Regulated] (Relay)  ultra sound (Relay),https://eigenphi.io/mev/eigentx/0xe728e164db4ca8f27355edac30e3d009ebeb0a26c193e5ee382c624d5bda9677
0x080822db972b1501153255a5681fcd9fd184f2f52b073eef1740deff26a01aaf,19385041,0.50151476,,0x1df2ce7ee67b94de3f8abd206d7fe748fe352b1e,0x2b8bc3f432f5a95aadd0593d39e8bf8a0174b7a4,Sniping,Complex Blue Chip Swap,#N/A,BOT,, ETH  WETH  SNRA,0,N,ultra sound (Relay),https://eigenphi.io/mev/eigentx/0x080822db972b1501153255a5681fcd9fd184f2f52b073eef1740deff26a01aaf
0xf102d6500ec691f099e8e5d3ab28346d77f7cdc272054c2bf971cc7579bc8d82,19383486,0.45632,,0x1df2ce7ee67b94de3f8abd206d7fe748fe352b1e,0x2b8bc3f432f5a95aadd0593d39e8bf8a0174b7a4,Sniping,Complex Blue Chip Swap,#N/A,BOT,, ETH  WETH  FUSION,0,N,Agnostic (Relay)  ultra sound (Relay),https://eigenphi.io/mev/eigentx/0xf102d6500ec691f099e8e5d3ab28346d77f7cdc272054c2bf971cc7579bc8d82
0x7a6e4cb31802d0ff1f46f873fb91f7796e065d30219c57deac43d83406531764,19384959,1.02078068,,0x1df2ce7ee67b94de3f8abd206d7fe748fe352b1e,0x2b8bc3f432f5a95aadd0593d39e8bf8a0174b7a4,Sniping,Complex Blue Chip Swap,#N/A,BOT,, ETH  WETH  BLAST,1,N,Agnostic (Relay)  BloXroute [Max-Profit] (Relay)  Flashbots (Relay)  ultra sound (Relay),https://eigenphi.io/mev/eigentx/0x7a6e4cb31802d0ff1f46f873fb91f7796e065d30219c57deac43d83406531764
0x974dea36e6041fd01cf51ff01c7e66321172c62ed8b4ac5083ce879f4819207e,19535220,2.46318979,,0x1df2ce7ee67b94de3f8abd206d7fe748fe352b1e,0x2b8bc3f432f5a95aadd0593d39e8bf8a0174b7a4,Sniping,Complex Blue Chip Swap,#N/A,BOT,, ETH  WETH  POS,2,N,Aestus (Relay)  Agnostic (Relay)  BloXroute [Max-Profit] (Relay)  BloXroute [Regulated] (Relay)  Flashbots (Relay)  ultra sound (Relay),https://eigenphi.io/mev/eigentx/0x974dea36e6041fd01cf51ff01c7e66321172c62ed8b4ac5083ce879f4819207e
0xd8cbe2e7a1d4bfb581e65106ff3226e9803ac284dca9381784aba03102c12319,19541315,0.62782252,,0x1df2ce7ee67b94de3f8abd206d7fe748fe352b1e,0x2b8bc3f432f5a95aadd0593d39e8bf8a0174b7a4,Sniping,Complex Blue Chip Swap,#N/A,BOT,, ETH  WETH  $KAZAR,2,N,Aestus (Relay)  Agnostic (Relay)  BloXroute [Max-Profit] (Relay)  BloXroute [Regulated] (Relay)  Flashbots (Relay),https://eigenphi.io/mev/eigentx/0xd8cbe2e7a1d4bfb581e65106ff3226e9803ac284dca9381784aba03102c12319
0xc1a2ace378487c9fc6d4b9bd5e22245427a5b977249c598c8944b0749601cc84,19349320,5.07360234,,0x1df2ce7ee67b94de3f8abd206d7fe748fe352b1e,0x2b8bc3f432f5a95aadd0593d39e8bf8a0174b7a4,Sniping,Complex Blue Chip Swap,#N/A,BOT,, ETH  WETH  BLENDR,3,N,"BloXroute Max Profit, BloXroute Regulated",https://eigenphi.io/mev/eigentx/0xc1a2ace378487c9fc6d4b9bd5e22245427a5b977249c598c8944b0749601cc84
0x902129217a9192c4a4506a48babe972d335d323c2a221f9c3c7c96cd5c027cae,19341999,0.71988972,,0x1df2ce7ee67b94de3f8abd206d7fe748fe352b1e,0x2b8bc3f432f5a95aadd0593d39e8bf8a0174b7a4,Sniping,Complex Blue Chip Swap,#N/A,BOT,, ETH  WETH  REF,4,N,Flashbots (Relay),https://eigenphi.io/mev/eigentx/0x902129217a9192c4a4506a48babe972d335d323c2a221f9c3c7c96cd5c027cae
0xdbf0862e1f693de9d8dabac9f4dcb0db6ee66cbf49b0789e9217a647a004c549,19485701,1.01756161,,0x1df2ce7ee67b94de3f8abd206d7fe748fe352b1e,0x2b8bc3f432f5a95aadd0593d39e8bf8a0174b7a4,Sniping,Complex Blue Chip Swap,#N/A,BOT,, ETH  WETH  ITV,6,N,BloXroute [Max-Profit] (Relay),https://eigenphi.io/mev/eigentx/0xdbf0862e1f693de9d8dabac9f4dcb0db6ee66cbf49b0789e9217a647a004c549
0x8a39cfbcd51464a4390f17c206d009335870ca924d61fc9d62d277f7fc7afff9,19391505,0.529596645,,0x1df2ce7ee67b94de3f8abd206d7fe748fe352b1e,0x2b8bc3f432f5a95aadd0593d39e8bf8a0174b7a4,Sniping,Complex Blue Chip Swap,#N/A,BOT,, ETH  WETH  AIR,24,N,Aestus (Relay)  Agnostic (Relay)  BloXroute [Max-Profit] (Relay)  BloXroute [Regulated] (Relay)  ultra sound (Relay),https://eigenphi.io/mev/eigentx/0x8a39cfbcd51464a4390f17c206d009335870ca924d61fc9d62d277f7fc7afff9
0x55d5d33e87e1fad4751c8bcc7d61c8fa5800df78d830503b40a46dfd522853f2,19364008,0.644332607,,0x8ef57238cd4178eed96cd30a13cbc7448925328e,0x00000023c10000eecb940000b914cdfd76cc83d1,,,#N/A,,,,2,,,https://eigenphi.io/mev/eigentx/0x55d5d33e87e1fad4751c8bcc7d61c8fa5800df78d830503b40a46dfd522853f2
0xc85669dce3ef97ec15edfdccd327c34fc98c11b3549eae2f63fb923282a4ca63,19380607,0.5594228157,3798.115178,0x8ef57238cd4178eed96cd30a13cbc7448925328e,0x00000023c10000eecb940000b914cdfd76cc83d1,Sandwich Backrun,,#N/A,,,,6,Y,,https://eigenphi.io/mev/eigentx/0xc85669dce3ef97ec15edfdccd327c34fc98c11b3549eae2f63fb923282a4ca63
0x4be44a26a0a0f6dd6d83373bfbd023e385b2b5d5ec4b14ea3bf852d299760dde,19521139,6.13218046,,0x1df2ce7ee67b94de3f8abd206d7fe748fe352b1e,0x2b8bc3f432f5a95aadd0593d39e8bf8a0174b7a4,,,#N/A,,,,,,,https://eigenphi.io/mev/eigentx/0x4be44a26a0a0f6dd6d83373bfbd023e385b2b5d5ec4b14ea3bf852d299760dde
0x3d8fe7ce0c556778ede44e24a565cdf85eb029f02c910edf9ed9cc68a782ac68,19420950,5.10157837,,0x1df2ce7ee67b94de3f8abd206d7fe748fe352b1e,0x2b8bc3f432f5a95aadd0593d39e8bf8a0174b7a4,,,#N/A,,,,,,,https://eigenphi.io/mev/eigentx/0x3d8fe7ce0c556778ede44e24a565cdf85eb029f02c910edf9ed9cc68a782ac68
0xc1a2ace378487c9fc6d4b9bd5e22245427a5b977249c598c8944b0749601cc84,19349320,5.07360234,,0x1df2ce7ee67b94de3f8abd206d7fe748fe352b1e,0x2b8bc3f432f5a95aadd0593d39e8bf8a0174b7a4,,,#N/A,,,,,,,https://eigenphi.io/mev/eigentx/0xc1a2ace378487c9fc6d4b9bd5e22245427a5b977249c598c8944b0749601cc84
0xf223b7e38191dc2b0bc17f992e543c38ee31425a5f751c2db03840f8b65b3fb4,19371818,3.800331155,,0x1df2ce7ee67b94de3f8abd206d7fe748fe352b1e,0x2b8bc3f432f5a95aadd0593d39e8bf8a0174b7a4,,,#N/A,,,,,,,https://eigenphi.io/mev/eigentx/0xf223b7e38191dc2b0bc17f992e543c38ee31425a5f751c2db03840f8b65b3fb4
0x98c4d65771d07659fce6ad8f7a7f76145f4010416f31794d9767a2b19e412f0e,19555214,3.11638043,,0x1df2ce7ee67b94de3f8abd206d7fe748fe352b1e,0x2b8bc3f432f5a95aadd0593d39e8bf8a0174b7a4,,,#N/A,,,,,,,https://eigenphi.io/mev/eigentx/0x98c4d65771d07659fce6ad8f7a7f76145f4010416f31794d9767a2b19e412f0e
0x974dea36e6041fd01cf51ff01c7e66321172c62ed8b4ac5083ce879f4819207e,19535220,2.46318979,,0x1df2ce7ee67b94de3f8abd206d7fe748fe352b1e,0x2b8bc3f432f5a95aadd0593d39e8bf8a0174b7a4,,,#N/A,,,,,,,https://eigenphi.io/mev/eigentx/0x974dea36e6041fd01cf51ff01c7e66321172c62ed8b4ac5083ce879f4819207e
0xf77140dd5f1829b9a12b2794bf4dc9a3de07a5c86231d29e40fee613dd15abb2,19413074,2.408768592,,0x1df2ce7ee67b94de3f8abd206d7fe748fe352b1e,0x2b8bc3f432f5a95aadd0593d39e8bf8a0174b7a4,,,#N/A,,,,,,,https://eigenphi.io/mev/eigentx/0xf77140dd5f1829b9a12b2794bf4dc9a3de07a5c86231d29e40fee613dd15abb2
0x53a34575b1bd9d2cdf407d8e67e80c3956a87728111113151a23d46007ae6c76,19527797,2.17285206,,0x1df2ce7ee67b94de3f8abd206d7fe748fe352b1e,0x2b8bc3f432f5a95aadd0593d39e8bf8a0174b7a4,,,#N/A,,,,,,,https://eigenphi.io/mev/eigentx/0x53a34575b1bd9d2cdf407d8e67e80c3956a87728111113151a23d46007ae6c76
0xc01fede8975f163f0c6333091addb77d451b83d4a7dd82cc4588cbfe2df42219,19536069,2.031596415,,0x1df2ce7ee67b94de3f8abd206d7fe748fe352b1e,0x2b8bc3f432f5a95aadd0593d39e8bf8a0174b7a4,,,#N/A,,,,,,,https://eigenphi.io/mev/eigentx/0xc01fede8975f163f0c6333091addb77d451b83d4a7dd82cc4588cbfe2df42219
0xd17f946deeadc201fe4b1da3446f4205a0e4acfee8e610a89120680f04640250,19421997,1.812460285,,0x1df2ce7ee67b94de3f8abd206d7fe748fe352b1e,0x2b8bc3f432f5a95aadd0593d39e8bf8a0174b7a4,,,#N/A,,,,,,,https://eigenphi.io/mev/eigentx/0xd17f946deeadc201fe4b1da3446f4205a0e4acfee8e610a89120680f04640250
0xebcc15b671296f96e94cccde57d0aaa023e8321724ef6cc0fa0d1cc6d5e138b2,19376644,1.14707944,,0x1df2ce7ee67b94de3f8abd206d7fe748fe352b1e,0x2b8bc3f432f5a95aadd0593d39e8bf8a0174b7a4,,,#N/A,,,,,,,https://eigenphi.io/mev/eigentx/0xebcc15b671296f96e94cccde57d0aaa023e8321724ef6cc0fa0d1cc6d5e138b2
0x7a6e4cb31802d0ff1f46f873fb91f7796e065d30219c57deac43d83406531764,19384959,1.02078068,,0x1df2ce7ee67b94de3f8abd206d7fe748fe352b1e,0x2b8bc3f432f5a95aadd0593d39e8bf8a0174b7a4,,,#N/A,,,,,,,https://eigenphi.io/mev/eigentx/0x7a6e4cb31802d0ff1f46f873fb91f7796e065d30219c57deac43d83406531764
0xdbf0862e1f693de9d8dabac9f4dcb0db6ee66cbf49b0789e9217a647a004c549,19485701,1.01756161,,0x1df2ce7ee67b94de3f8abd206d7fe748fe352b1e,0x2b8bc3f432f5a95aadd0593d39e8bf8a0174b7a4,,,#N/A,,,,,,,https://eigenphi.io/mev/eigentx/0xdbf0862e1f693de9d8dabac9f4dcb0db6ee66cbf49b0789e9217a647a004c549
0xedcd2216e37a56f714d14ef5581db871850257862992127e50f5a101c9b8fccb,19429120,0.91804586,,0x1df2ce7ee67b94de3f8abd206d7fe748fe352b1e,0x2b8bc3f432f5a95aadd0593d39e8bf8a0174b7a4,,,#N/A,,,,,,,https://eigenphi.io/mev/eigentx/0xedcd2216e37a56f714d14ef5581db871850257862992127e50f5a101c9b8fccb
0x2af3866ad95859ef795b28d248d74891cd502b0dd230a32259cb268e27fe0f7f,19407391,0.908958005,,0x1df2ce7ee67b94de3f8abd206d7fe748fe352b1e,0x2b8bc3f432f5a95aadd0593d39e8bf8a0174b7a4,,,#N/A,,,,,,,https://eigenphi.io/mev/eigentx/0x2af3866ad95859ef795b28d248d74891cd502b0dd230a32259cb268e27fe0f7f
0x7dd893b009efcf7b0c53c9e2efc09ba40d9499048371446f506365abbf58f5a5,19342932,0.83501538,,0x1df2ce7ee67b94de3f8abd206d7fe748fe352b1e,0x2b8bc3f432f5a95aadd0593d39e8bf8a0174b7a4,,,#N/A,,,,,,,https://eigenphi.io/mev/eigentx/0x7dd893b009efcf7b0c53c9e2efc09ba40d9499048371446f506365abbf58f5a5
0x6a0ecf0d8db5abdb5b29bbcaa488459f76b7b06e5a84a0debcf0ccacc29b033b,19527665,0.82435578,,0x1df2ce7ee67b94de3f8abd206d7fe748fe352b1e,0x2b8bc3f432f5a95aadd0593d39e8bf8a0174b7a4,,,#N/A,,,,,,,https://eigenphi.io/mev/eigentx/0x6a0ecf0d8db5abdb5b29bbcaa488459f76b7b06e5a84a0debcf0ccacc29b033b
0x8cdb83f7fdbeeadd4875e6fcbc94431ca92d121effedf9ee0ed1aaa6cbeaa90c,19513683,0.764839065,,0x1df2ce7ee67b94de3f8abd206d7fe748fe352b1e,0x2b8bc3f432f5a95aadd0593d39e8bf8a0174b7a4,,,#N/A,,,,,,,https://eigenphi.io/mev/eigentx/0x8cdb83f7fdbeeadd4875e6fcbc94431ca92d121effedf9ee0ed1aaa6cbeaa90c
0x902129217a9192c4a4506a48babe972d335d323c2a221f9c3c7c96cd5c027cae,19341999,0.71988972,,0x1df2ce7ee67b94de3f8abd206d7fe748fe352b1e,0x2b8bc3f432f5a95aadd0593d39e8bf8a0174b7a4,,,#N/A,,,,,,,https://eigenphi.io/mev/eigentx/0x902129217a9192c4a4506a48babe972d335d323c2a221f9c3c7c96cd5c027cae
0x88bb54d450176c86da2fc5692d36f654adb46458d99573bc57ae62fe476f3fa2,19392820,0.71649038,,0x1df2ce7ee67b94de3f8abd206d7fe748fe352b1e,0x2b8bc3f432f5a95aadd0593d39e8bf8a0174b7a4,,,#N/A,,,,,,,https://eigenphi.io/mev/eigentx/0x88bb54d450176c86da2fc5692d36f654adb46458d99573bc57ae62fe476f3fa2
0xcf2a25cb9a242aa33db1e4614752f43249e6bb73cb78183d66d31e9a11efcda3,19377427,0.712265745,,0x1df2ce7ee67b94de3f8abd206d7fe748fe352b1e,0x2b8bc3f432f5a95aadd0593d39e8bf8a0174b7a4,,,#N/A,,,,,,,https://eigenphi.io/mev/eigentx/0xcf2a25cb9a242aa33db1e4614752f43249e6bb73cb78183d66d31e9a11efcda3
0x0ce7dbbe84e49b8704d144941ed861b0554a3202368a0509b92d29f5064722a8,19392285,0.710779415,,0x1df2ce7ee67b94de3f8abd206d7fe748fe352b1e,0x2b8bc3f432f5a95aadd0593d39e8bf8a0174b7a4,,,#N/A,,,,,,,https://eigenphi.io/mev/eigentx/0x0ce7dbbe84e49b8704d144941ed861b0554a3202368a0509b92d29f5064722a8
0x7b522de22f1acee9f822d0ca66b754924444bcd44252dab461eff0c718092276,19506021,0.70644302,,0x1df2ce7ee67b94de3f8abd206d7fe748fe352b1e,0x2b8bc3f432f5a95aadd0593d39e8bf8a0174b7a4,,,#N/A,,,,,,,https://eigenphi.io/mev/eigentx/0x7b522de22f1acee9f822d0ca66b754924444bcd44252dab461eff0c718092276
0x6a6f2c6482403d5c0efe088a45cfca5c86394f2f69cbe1e1726c1ea7dbef0449,19464208,0.669760025,,0x1df2ce7ee67b94de3f8abd206d7fe748fe352b1e,0x2b8bc3f432f5a95aadd0593d39e8bf8a0174b7a4,,,#N/A,,,,,,,https://eigenphi.io/mev/eigentx/0x6a6f2c6482403d5c0efe088a45cfca5c86394f2f69cbe1e1726c1ea7dbef0449
0x23c8267682541336a930c049fc2430681928706ba1ff8ec2735ef0fa7328da43,19412910,0.634407765,,0x1df2ce7ee67b94de3f8abd206d7fe748fe352b1e,0x2b8bc3f432f5a95aadd0593d39e8bf8a0174b7a4,,,#N/A,,,,,,,https://eigenphi.io/mev/eigentx/0x23c8267682541336a930c049fc2430681928706ba1ff8ec2735ef0fa7328da43
0xd8cbe2e7a1d4bfb581e65106ff3226e9803ac284dca9381784aba03102c12319,19541315,0.62782252,,0x1df2ce7ee67b94de3f8abd206d7fe748fe352b1e,0x2b8bc3f432f5a95aadd0593d39e8bf8a0174b7a4,,,#N/A,,,,,,,https://eigenphi.io/mev/eigentx/0xd8cbe2e7a1d4bfb581e65106ff3226e9803ac284dca9381784aba03102c12319
0x2ba41a6c2c2e1c9b90398b0fdf80d717ad38ba1e06ba8689d82e85279eef9e33,19412798,0.568084005,,0x1df2ce7ee67b94de3f8abd206d7fe748fe352b1e,0x2b8bc3f432f5a95aadd0593d39e8bf8a0174b7a4,,,#N/A,,,,,,,https://eigenphi.io/mev/eigentx/0x2ba41a6c2c2e1c9b90398b0fdf80d717ad38ba1e06ba8689d82e85279eef9e33
0x8a39cfbcd51464a4390f17c206d009335870ca924d61fc9d62d277f7fc7afff9,19391505,0.529596645,,0x1df2ce7ee67b94de3f8abd206d7fe748fe352b1e,0x2b8bc3f432f5a95aadd0593d39e8bf8a0174b7a4,,,#N/A,,,,,,,https://eigenphi.io/mev/eigentx/0x8a39cfbcd51464a4390f17c206d009335870ca924d61fc9d62d277f7fc7afff9
0xe728e164db4ca8f27355edac30e3d009ebeb0a26c193e5ee382c624d5bda9677,19377482,0.514959845,,0x1df2ce7ee67b94de3f8abd206d7fe748fe352b1e,0x2b8bc3f432f5a95aadd0593d39e8bf8a0174b7a4,,,#N/A,,,,,,,https://eigenphi.io/mev/eigentx/0xe728e164db4ca8f27355edac30e3d009ebeb0a26c193e5ee382c624d5bda9677
0x080822db972b1501153255a5681fcd9fd184f2f52b073eef1740deff26a01aaf,19385041,0.50151476,,0x1df2ce7ee67b94de3f8abd206d7fe748fe352b1e,0x2b8bc3f432f5a95aadd0593d39e8bf8a0174b7a4,,,#N/A,,,,,,,https://eigenphi.io/mev/eigentx/0x080822db972b1501153255a5681fcd9fd184f2f52b073eef1740deff26a01aaf
0xf102d6500ec691f099e8e5d3ab28346d77f7cdc272054c2bf971cc7579bc8d82,19383486,0.45632,,0x1df2ce7ee67b94de3f8abd206d7fe748fe352b1e,0x2b8bc3f432f5a95aadd0593d39e8bf8a0174b7a4,,,#N/A,,,,,,,https://eigenphi.io/mev/eigentx/0xf102d6500ec691f099e8e5d3ab28346d77f7cdc272054c2bf971cc7579bc8d82
0x973b9aed4972238aa2adbb0724dc81a343b9603cf5f33173f7a72a3f5b91e1f5,19414652,56.78001253,,0x3c17cff1116c3bbefa64254b5596ffa6dc1e067a,0x3328f7f4a1d1c57c35df56bbf0c9dcafca309c49,Telegram Sniping ,TG Simple Blue Chip Swap (Buy),4,BOT,, ETH  HARAMBE  WETH,1,,,https://eigenphi.io/mev/eigentx/0x973b9aed4972238aa2adbb0724dc81a343b9603cf5f33173f7a72a3f5b91e1f5
0x8943888528db6875836f4e712a3ae3b7142700eb1d52254c41b8fd93d4d28f7c,19362254,52.060014,,0x957e4082c6798db29f6b1055f48395215ea4a141,0x3328f7f4a1d1c57c35df56bbf0c9dcafca309c49,Telegram Sniping ,TG Simple Blue Chip Swap (Buy),4,,, ETH  ALVA  WETH,1,,,https://eigenphi.io/mev/eigentx/0x8943888528db6875836f4e712a3ae3b7142700eb1d52254c41b8fd93d4d28f7c
0xc1fbc279b7bd9da50372d9803560418764da616195254479958477f161e74e3c,19384646,16.5100125,,0xf66a6a166becf6ec7cf8f4873bcc22af10ee055d,0x3328f7f4a1d1c57c35df56bbf0c9dcafca309c49,Telegram Sniping ,TG Simple Blue Chip Swap (Buy),4,,, ETH  WETH  KNINE,1,,,https://eigenphi.io/mev/eigentx/0xc1fbc279b7bd9da50372d9803560418764da616195254479958477f161e74e3c
0x34262181d04cfa73513ff7ebcbcfed4cc24d7199d89b6407e97e615312d5087c,19380893,13.33000789,,0xbd6b8d8fa94f7307840252548549b56a33c98054,0x3328f7f4a1d1c57c35df56bbf0c9dcafca309c49,Telegram Sniping ,TG Simple Blue Chip Swap (Buy),4,,, ETH  WETH  JUICE,2,,,https://eigenphi.io/mev/eigentx/0x34262181d04cfa73513ff7ebcbcfed4cc24d7199d89b6407e97e615312d5087c
0x353aeeaae92be18803944dd8bfc4bccdcad18f5f089888567e0151d6886c1f88,19449701,7.010000716,,0x8490e28ada67984edb1e4b5ca3d2b4c525330a86,0x3328f7f4a1d1c57c35df56bbf0c9dcafca309c49,Telegram Sniping ,TG Simple Blue Chip Swap (Buy),4,,, ETH  WETH  HAMT,1,,,https://eigenphi.io/mev/eigentx/0x353aeeaae92be18803944dd8bfc4bccdcad18f5f089888567e0151d6886c1f88
0xa5809179c98b30e854ae0b98f8d48cd9c938f08737c86d8017691ec992bb5974,19364065,5.777713356,,0xd93d10900f53a4f445a88d62efff803edfe20980,0x3328f7f4a1d1c57c35df56bbf0c9dcafca309c49,Telegram Sniping ,TG Simple Blue Chip Swap (Buy),4,,, ETH  WETH  FAIR,1,,,https://eigenphi.io/mev/eigentx/0xa5809179c98b30e854ae0b98f8d48cd9c938f08737c86d8017691ec992bb5974
0x9c62edd1d41bab3e7f500e6182b8898abf1de71c4fbf5e0070755739dca8f720,19363636,5.500015171,,0x60e4c3883146c72e1488d14e9f86fa51b8e666a0,0x3328f7f4a1d1c57c35df56bbf0c9dcafca309c49,Telegram Sniping ,TG Simple Blue Chip Swap (Buy),4,,, ETH  WETH  DOUGH,0,,,https://eigenphi.io/mev/eigentx/0x9c62edd1d41bab3e7f500e6182b8898abf1de71c4fbf5e0070755739dca8f720
0xffd5c75134b815739106f2121125d2dd3b0c290bc00cb6d96f495efba3a21e9f,19512562,5.500006362,,0x8938c95b8dac231885bd977689a3015e21e0f814,0x3328f7f4a1d1c57c35df56bbf0c9dcafca309c49,Telegram Sniping ,TG Simple Blue Chip Swap (Buy),4,,, ETH  WETH  wTAI,2,,,https://eigenphi.io/mev/eigentx/0xffd5c75134b815739106f2121125d2dd3b0c290bc00cb6d96f495efba3a21e9f
0x9e86c93a99e222a0677596b58e52f01f0021d5fb8c1340011626ed30eec77984,19488446,5.356003797,,0x03a07f4428bd1e61fcb3667d4d3ded4aef3a01b1,0x3328f7f4a1d1c57c35df56bbf0c9dcafca309c49,Telegram Sniping ,TG Simple Blue Chip Swap (Buy),4,,, ETH  WETH  SBEE,1,,,https://eigenphi.io/mev/eigentx/0x9e86c93a99e222a0677596b58e52f01f0021d5fb8c1340011626ed30eec77984
0x24555433b6bdb818f70b99a8e704a294bcfd64b3099b5a4523b9f92767c0d1d1,19362254,5.120012569,,0x14e9b40f5acee4c8270ed39e8cc49d583eaf0f45,0x3328f7f4a1d1c57c35df56bbf0c9dcafca309c49,Telegram Sniping ,TG Simple Blue Chip Swap (Buy),4,,, ETH  ALVA  WETH,2,,,https://eigenphi.io/mev/eigentx/0x24555433b6bdb818f70b99a8e704a294bcfd64b3099b5a4523b9f92767c0d1d1
0x530c96368aeff8062a5b7eae146be10fbaf11e516846f77023954326a166b315,19363528,5.100016516,,0x6d72083279a3bf71f6a106b8583c18988591911f,0x3328f7f4a1d1c57c35df56bbf0c9dcafca309c49,TG NFT Sniping,TG NFT Simple Blue Chip Swap(Buy),4,,, ETH  WTF-22…1066  WETH,0,,,https://eigenphi.io/mev/eigentx/0x530c96368aeff8062a5b7eae146be10fbaf11e516846f77023954326a166b315
0xf038980949e83721ac3aadda8ae6127e43982affc0193f091dd4dfb2a7a528aa,19362254,5.100008791,,0x230feaba109f082428bf6fb62976e8f8fb611551,0x3328f7f4a1d1c57c35df56bbf0c9dcafca309c49,Telegram Sniping ,TG Simple Blue Chip Swap (Buy),4,,, ETH  ALVA  WETH,3,,,https://eigenphi.io/mev/eigentx/0xf038980949e83721ac3aadda8ae6127e43982affc0193f091dd4dfb2a7a528aa
0xfc84537735c27c6d0b086f42d266532debbab79932f1dfac050f7075cdeb5184,19380893,5.010011413,,0x9d438394f75f1f5135f746fa257d743e0a5c1c35,0x3328f7f4a1d1c57c35df56bbf0c9dcafca309c49,Telegram Sniping ,TG Simple Blue Chip Swap (Buy),4,,, ETH  WETH  JUICE,3,,,https://eigenphi.io/mev/eigentx/0xfc84537735c27c6d0b086f42d266532debbab79932f1dfac050f7075cdeb5184
0x014c1da9d1202c8d8ea9ddbd585e6f2b9fe59c9bfcd441b8b5cef497c86fc9e5,19363636,4.770014317,,0x46f765b845d42c5915284666af07b10dc74d9825,0x3328f7f4a1d1c57c35df56bbf0c9dcafca309c49,Telegram Sniping ,TG Simple Blue Chip Swap (Buy),4,,, ETH  WETH  DOUGH,1,,,https://eigenphi.io/mev/eigentx/0x014c1da9d1202c8d8ea9ddbd585e6f2b9fe59c9bfcd441b8b5cef497c86fc9e5
0x199c5fd2b7b4f7b8557ec4c9c34cdcd0d33cf21ec539a941d81dcaf22d126773,19418486,4.670016166,,0x7e09a6a7c488ab06cff702965d67b7eb757d7af9,0x3328f7f4a1d1c57c35df56bbf0c9dcafca309c49,Telegram Sniping ,TG Simple Blue Chip Swap (Buy),4,,, ETH  STAR  WETH,1,,,https://eigenphi.io/mev/eigentx/0x199c5fd2b7b4f7b8557ec4c9c34cdcd0d33cf21ec539a941d81dcaf22d126773
0xf56511e88651cc72977d8653009af8f1c854e188f2904c65fa60c0bbf2ccaa44,19410956,4.500016603,,0x7e09a6a7c488ab06cff702965d67b7eb757d7af9,0x3328f7f4a1d1c57c35df56bbf0c9dcafca309c49,Telegram Sniping ,TG Simple Blue Chip Swap (Buy),4,,, ETH  WETH  ORBK,1,,,https://eigenphi.io/mev/eigentx/0xf56511e88651cc72977d8653009af8f1c854e188f2904c65fa60c0bbf2ccaa44
0x4d0ebf989f4fd6130bb5393ccf7e8b63e08dbcf0ec2835bdcfdf9deea7896c59,19376588,4.444404757,,0x3eb81b24f5c89fe0119998bb8772413d32fec77c,0x3328f7f4a1d1c57c35df56bbf0c9dcafca309c49,Telegram Sniping ,TG Simple Blue Chip Swap (Buy),4,,, ETH  ORAIX  WETH,1,,,https://eigenphi.io/mev/eigentx/0x4d0ebf989f4fd6130bb5393ccf7e8b63e08dbcf0ec2835bdcfdf9deea7896c59
0x7516f5b6bbf6a4c8f61dee0e9e7536434ca0a74774ddfeecad120a952605382a,19384200,3.800011932,,0x956d864e9e99e9be131ebb099d74ca05fa782c62,0x3328f7f4a1d1c57c35df56bbf0c9dcafca309c49,Telegram Sniping ,TG Simple Blue Chip Swap (Buy),4,,, ETH  WETH  TAH,1,,,https://eigenphi.io/mev/eigentx/0x7516f5b6bbf6a4c8f61dee0e9e7536434ca0a74774ddfeecad120a952605382a
0x7f0eed9e8b1b4716d8f33aee0d43b083ea1eb6759ab135a252e27fe3f2717019,19385748,3.740017866,,0x35b02e0d588e0f4ed0efe0eb479134bcb5d3eba0,0x3328f7f4a1d1c57c35df56bbf0c9dcafca309c49,Telegram Sniping ,TG Simple Blue Chip Swap (Buy),4,,, ETH  WETH  TPU,0,,,https://eigenphi.io/mev/eigentx/0x7f0eed9e8b1b4716d8f33aee0d43b083ea1eb6759ab135a252e27fe3f2717019
0x424327cb5ab8b39cbf751c20dc75cfad3879b5c5670d3bebcfe0aef529e9194f,19400329,3.444459051,,0x8938c95b8dac231885bd977689a3015e21e0f814,0x3328f7f4a1d1c57c35df56bbf0c9dcafca309c49,Telegram Sniping ,TG Simple Blue Chip Swap (Buy),4,,, ETH  Target  WETH,1,,,https://eigenphi.io/mev/eigentx/0x424327cb5ab8b39cbf751c20dc75cfad3879b5c5670d3bebcfe0aef529e9194f
0xbc911b8aeab0f4fd2d16e9c2be8e6625a6f5739da197e3720f9a170d21631c01,19363738,3.370003451,,0x99388b46a1d9d00146f6e325389148dfa10d7cbe,0x3328f7f4a1d1c57c35df56bbf0c9dcafca309c49,TG NFT Sniping,TG NFT Simple Blue Chip Swap(Buy),4,,, ETH  WTF-22…1255  WETH,2,,,https://eigenphi.io/mev/eigentx/0xbc911b8aeab0f4fd2d16e9c2be8e6625a6f5739da197e3720f9a170d21631c01
0x40c07ba8d1ae3514121f0416735d898bda17b2988e0f3ce1b20ea9eaf208e725,19502054,3.330009163,,0x123791770351ccfcc96a3dba2658fe4200a66584,0x3328f7f4a1d1c57c35df56bbf0c9dcafca309c49,Telegram Sniping ,TG Simple Blue Chip Swap (Buy),4,,, ETH  WETH  BTRU,1,,,https://eigenphi.io/mev/eigentx/0x40c07ba8d1ae3514121f0416735d898bda17b2988e0f3ce1b20ea9eaf208e725
0x8d941040a428e660efb9e1c5e7e7ae3b34ca7f65e4d2a6d62f61767ea8aca881,19390455,3.100005485,,0x42d279968d2400e40db7e63ab35fbce366e620cb,0x3328f7f4a1d1c57c35df56bbf0c9dcafca309c49,Telegram Sniping ,TG Simple Blue Chip Swap (Buy),4,,, ETH  TDAI  WETH,1,,,https://eigenphi.io/mev/eigentx/0x8d941040a428e660efb9e1c5e7e7ae3b34ca7f65e4d2a6d62f61767ea8aca881
0x4eaebd9cfd58cb9510e4c0e06df9596775d79a235bc28928cb2753fc9bff4d1b,19542147,3.090010495,,0xf252ccf6ec04ec71c342d43df7345d7f66898dfb,0x3328f7f4a1d1c57c35df56bbf0c9dcafca309c49,Telegram Sniping ,TG Simple Blue Chip Swap (Buy),4,,, ETH  WETH  EBIT,1,,,https://eigenphi.io/mev/eigentx/0x4eaebd9cfd58cb9510e4c0e06df9596775d79a235bc28928cb2753fc9bff4d1b
0x980276a69275de33247a65baf8c196a407452dbd1aa9173a2ba133a38a5a2980,19521884,3.000002302,,0x21422054bf6aa600cdeb37a0bfd27ed829081e61,0x3328f7f4a1d1c57c35df56bbf0c9dcafca309c49,Telegram Sniping ,TG Simple Blue Chip Swap (Buy),4,,, ETH  WETH  NTD,0,,,https://eigenphi.io/mev/eigentx/0x980276a69275de33247a65baf8c196a407452dbd1aa9173a2ba133a38a5a2980
0x90ec27c599049f291e3f73e8711dd3599bdea16b8d09bcf033d8e1c521128df3,19512562,2.899000904,,0xfe3e3b4cac248707594def2b5a4e8966d1fd8d9b,0x3328f7f4a1d1c57c35df56bbf0c9dcafca309c49,Telegram Sniping ,TG Simple Blue Chip Swap (Buy),4,,, ETH  WETH  wTAI,5,,,https://eigenphi.io/mev/eigentx/0x90ec27c599049f291e3f73e8711dd3599bdea16b8d09bcf033d8e1c521128df3
0x222310357f6cfc0cfc70292aae53c00e1716db90204f1e8480cfb000536eb52c,19358248,2.880003936,,0xbd6b8d8fa94f7307840252548549b56a33c98054,0x3328f7f4a1d1c57c35df56bbf0c9dcafca309c49,Telegram Sniping ,TG Simple Blue Chip Swap (Buy),4,,, ETH  WETH  BYTE,1,,,https://eigenphi.io/mev/eigentx/0x222310357f6cfc0cfc70292aae53c00e1716db90204f1e8480cfb000536eb52c
0x14cc263b5c72376b5154418991e1c98de998751f5566817118129b192e347838,19370796,2.77000676,,0x46f765b845d42c5915284666af07b10dc74d9825,0x3328f7f4a1d1c57c35df56bbf0c9dcafca309c49,Telegram Sniping ,TG Simple Blue Chip Swap (Buy),4,,, ETH  WETH  POTUS,1,,,https://eigenphi.io/mev/eigentx/0x14cc263b5c72376b5154418991e1c98de998751f5566817118129b192e347838
0x3d257388650f286390d7a39637dd8c5ceab9b8b01476c4c2cc804ff9badaef60,19521884,2.750012859,,0xcd5a203658c7f86b23b2a124c6d6caca8dd3e76c,0x3328f7f4a1d1c57c35df56bbf0c9dcafca309c49,Telegram Sniping ,TG Simple Blue Chip Swap (Buy),4,,, ETH  WETH  NTD,1,,,https://eigenphi.io/mev/eigentx/0x3d257388650f286390d7a39637dd8c5ceab9b8b01476c4c2cc804ff9badaef60
0x299fc5d73faab12ac6e5ec9947efbf3e61bd0c41b0e9a738493ca84e4616608d,19363738,2.600002021,,0xbd6b8d8fa94f7307840252548549b56a33c98054,0x3328f7f4a1d1c57c35df56bbf0c9dcafca309c49,TG NFT Sniping,TG NFT Simple Blue Chip Swap(Buy),4,,, ETH  WTF-10…9599  WETH,3,,,https://eigenphi.io/mev/eigentx/0x299fc5d73faab12ac6e5ec9947efbf3e61bd0c41b0e9a738493ca84e4616608d
0xa8891609f60dbb0d07d63ca059992b2d7398376a4b807f63cbbbc393e5bd6464,19419435,2.575774373,,0xa3752e001022e619cf8ec5427ec94231657fd96f,0x3328f7f4a1d1c57c35df56bbf0c9dcafca309c49,Telegram Sniping ,TG Simple Blue Chip Swap (Buy),4,,, ETH  WETH  RUNIC,0,,,https://eigenphi.io/mev/eigentx/0xa8891609f60dbb0d07d63ca059992b2d7398376a4b807f63cbbbc393e5bd6464
0x54c0071500e269b859a6d466a78fae36cc965661c8522ecf25759278a48ab506,19419435,2.575770612,,0x500b2803479ae1942c912580ba44a5f44399c256,0x3328f7f4a1d1c57c35df56bbf0c9dcafca309c49,Telegram Sniping ,TG Simple Blue Chip Swap (Buy),4,,, ETH  WETH  RUNIC,3,,,https://eigenphi.io/mev/eigentx/0x54c0071500e269b859a6d466a78fae36cc965661c8522ecf25759278a48ab506
0x51e69a993e8d298f6926ece87b4bcf1d904c5bc8f3c32547e33fc6cdd9b20c3f,19419435,2.575763522,,0x7a9803f2450e948f63bba32834792ce7aab02515,0x3328f7f4a1d1c57c35df56bbf0c9dcafca309c49,Telegram Sniping ,TG Simple Blue Chip Swap (Buy),4,,, ETH  WETH  RUNIC,4,,,https://eigenphi.io/mev/eigentx/0x51e69a993e8d298f6926ece87b4bcf1d904c5bc8f3c32547e33fc6cdd9b20c3f
0x465db7697b709c92e35bc4172a8855f40223bc73cdf7fa576d0a0e7931f26e3d,19419435,2.575762434,,0x6224fe0c8067ddb65c8c45eed7c0636511a0f98b,0x3328f7f4a1d1c57c35df56bbf0c9dcafca309c49,Telegram Sniping ,TG Simple Blue Chip Swap (Buy),4,,, ETH  WETH  RUNIC,2,,,https://eigenphi.io/mev/eigentx/0x465db7697b709c92e35bc4172a8855f40223bc73cdf7fa576d0a0e7931f26e3d
0xd947c4e51d331f40c849359cea510968d8470e39097e098328b366cc7fc6a2b8,19419435,2.575761894,,0xc4906210d32c22f30a7927b4411090d768dabfff,0x3328f7f4a1d1c57c35df56bbf0c9dcafca309c49,Telegram Sniping ,TG Simple Blue Chip Swap (Buy),4,,, ETH  WETH  RUNIC,5,,,https://eigenphi.io/mev/eigentx/0xd947c4e51d331f40c849359cea510968d8470e39097e098328b366cc7fc6a2b8
0xf298a021064230b0211ce1c04236fe294c4fed7f3645561511be1490382ab0a6,19419435,2.57575878,,0x3624abb3026ff46a9f2d466e38f56fed69acb328,0x3328f7f4a1d1c57c35df56bbf0c9dcafca309c49,Telegram Sniping ,TG Simple Blue Chip Swap (Buy),4,,, ETH  WETH  RUNIC,1,,,https://eigenphi.io/mev/eigentx/0xf298a021064230b0211ce1c04236fe294c4fed7f3645561511be1490382ab0a6
0x39b437adb0ed2280ae1f743727294a1cbb3a8b1985c069014f5255739428a918,19521884,2.511018273,,0xbdf059d83140a0d0d98646a392afc42b5812e902,0x3328f7f4a1d1c57c35df56bbf0c9dcafca309c49,Telegram Sniping ,TG Simple Blue Chip Swap (Buy),4,,, ETH  WETH  NTD,2,,,https://eigenphi.io/mev/eigentx/0x39b437adb0ed2280ae1f743727294a1cbb3a8b1985c069014f5255739428a918
0x8fad4aa7a09ceef5f0b24d21c3579dbadfa0af6a4ef398db3ae8ec1d5c170026,19521884,2.511012093,,0xf6f27ab61eab676d00697acc4dc360a4670876f5,0x3328f7f4a1d1c57c35df56bbf0c9dcafca309c49,Telegram Sniping ,TG Simple Blue Chip Swap (Buy),4,,, ETH  WETH  NTD,4,,,https://eigenphi.io/mev/eigentx/0x8fad4aa7a09ceef5f0b24d21c3579dbadfa0af6a4ef398db3ae8ec1d5c170026
0x381aab7dbd15f4c3662e4e2aa5e2606c4c1a360435f25fa10b37fc55ceea8357,19521884,2.511005538,,0x686599b29f2eba6797b12c0cf18aef3233466ac0,0x3328f7f4a1d1c57c35df56bbf0c9dcafca309c49,Telegram Sniping ,TG Simple Blue Chip Swap (Buy),4,,, ETH  WETH  NTD,3,,,https://eigenphi.io/mev/eigentx/0x381aab7dbd15f4c3662e4e2aa5e2606c4c1a360435f25fa10b37fc55ceea8357
0x6294c88e76d0c91a85b65adcc8d1d68c320240ba3694a3a00654760f287fadc9,19521884,2.511004651,,0x774f6878429a430e6e6ba0a51ccbb91f466c8ccc,0x3328f7f4a1d1c57c35df56bbf0c9dcafca309c49,Telegram Sniping ,TG NFT Simple Blue Chip Swap(Buy),4,,, ETH  WETH  NTD,6,,,https://eigenphi.io/mev/eigentx/0x6294c88e76d0c91a85b65adcc8d1d68c320240ba3694a3a00654760f287fadc9
0xbbd1b237d009e4f4809f18c38f723659316d81015c3694229846bcdc425b08c9,19521884,2.511002107,,0xd1d714163643a29bf38d3bc69ab46d84b8264262,0x3328f7f4a1d1c57c35df56bbf0c9dcafca309c49,Telegram Sniping ,TG Simple Blue Chip Swap (Buy),4,,, ETH  WETH  NTD,5,,,https://eigenphi.io/mev/eigentx/0xbbd1b237d009e4f4809f18c38f723659316d81015c3694229846bcdc425b08c9
0x0204e74364597423f537dfe304d77ae392296913786f7d0e3496f4976e6fe208,19502054,2.500008751,,0xe9f5f982b1bd414d7d2a51b1e806292c6d49745a,0x3328f7f4a1d1c57c35df56bbf0c9dcafca309c49,Telegram Sniping ,TG Simple Blue Chip Swap (Buy),4,,, ETH  WETH  BTRU,2,,,https://eigenphi.io/mev/eigentx/0x0204e74364597423f537dfe304d77ae392296913786f7d0e3496f4976e6fe208
0x7eca72ac130e1603e4f32b3dabe2019104ba5aa59d47110e84d003ff4d4be95f,19436357,2.444460042,,0xed5511f763f66db7861f98b9f7df873db6b89fe9,0x3328f7f4a1d1c57c35df56bbf0c9dcafca309c49,Telegram Sniping ,TG Simple Blue Chip Swap (Buy),4,,, ETH  WETH  RAI,1,,,https://eigenphi.io/mev/eigentx/0x7eca72ac130e1603e4f32b3dabe2019104ba5aa59d47110e84d003ff4d4be95f
0x1d911a2853a685dfd9942fa3cbf338b468515631222bcf727d72bbdd01296164,19436348,2.390004828,,0xd9b8c0bd1ff0adfbbccb3d2bd1b93cea433996d6,0x3328f7f4a1d1c57c35df56bbf0c9dcafca309c49,Telegram Sniping ,TG Simple Blue Chip Swap (Buy),4,,, ETH  WETH  RAI,0,,,https://eigenphi.io/mev/eigentx/0x1d911a2853a685dfd9942fa3cbf338b468515631222bcf727d72bbdd01296164
0x1679b8bf8bc1be5ffb700acc4ea8a5f2ca0b497ee1cb41816b3bb5f232ecc1ff,19436348,2.390004706,,0x59423e089f6770a09d1869b4544e8993f250d1f2,0x3328f7f4a1d1c57c35df56bbf0c9dcafca309c49,Telegram Sniping ,TG Simple Blue Chip Swap (Buy),4,,, ETH  WETH  RAI,1,,,https://eigenphi.io/mev/eigentx/0x1679b8bf8bc1be5ffb700acc4ea8a5f2ca0b497ee1cb41816b3bb5f232ecc1ff
0x219610010b15dd86b1f4a61813e8f4430f2da59cad56ee5ade147ec3862cba6f,19370797,2.30000624,,0xaefad0ce9ffd66672fba411542d5a745aaeb67b9,0x3328f7f4a1d1c57c35df56bbf0c9dcafca309c49,Telegram Sniping ,TG Simple Blue Chip Swap (Buy),4,,, ETH  WETH  BUNDLE,1,,,https://eigenphi.io/mev/eigentx/0x219610010b15dd86b1f4a61813e8f4430f2da59cad56ee5ade147ec3862cba6f
0xea18afaa6995c4b8fd76a38e6ec76d02a2609bef9ab7323c6aa876a581da734e,19502054,2.222206932,,0xd9b8c0bd1ff0adfbbccb3d2bd1b93cea433996d6,0x3328f7f4a1d1c57c35df56bbf0c9dcafca309c49,Telegram Sniping ,TG Simple Blue Chip Swap (Buy),4,,, ETH  WETH  BTRU,3,,,https://eigenphi.io/mev/eigentx/0xea18afaa6995c4b8fd76a38e6ec76d02a2609bef9ab7323c6aa876a581da734e
0x9c10cf6da106ee2a425b6c1eeaf110341af774a7c2b3bdca1a4b028be3822990,19535219,2.20002195,,0x1febe88e7145f51c1bb4668d275f6eeb9548479b,0x3328f7f4a1d1c57c35df56bbf0c9dcafca309c49,Telegram Sniping ,TG Simple Blue Chip Swap (Buy),4,,, ETH  WETH  POS,1,,,https://eigenphi.io/mev/eigentx/0x9c10cf6da106ee2a425b6c1eeaf110341af774a7c2b3bdca1a4b028be3822990
0xb140ef7a2fc51385118c781df04090b0a653d6ce143be8ab6bc887a30a11db9a,19535219,2.200005588,,0x1071316b698da9947b2f267a02fd77e17ef2fb5b,0x3328f7f4a1d1c57c35df56bbf0c9dcafca309c49,Telegram Sniping ,TG Simple Blue Chip Swap (Buy),4,,, ETH  WETH  POS,0,,,https://eigenphi.io/mev/eigentx/0xb140ef7a2fc51385118c781df04090b0a653d6ce143be8ab6bc887a30a11db9a
0x81042f920d58c29381c4b30da2cf3a33229fba6302d6905357241f024a211dd9,19363738,2.170007634,,0xf252ccf6ec04ec71c342d43df7345d7f66898dfb,0x3328f7f4a1d1c57c35df56bbf0c9dcafca309c49,TG NFT Sniping,TG NFT Simple Blue Chip Swap(Buy),4,,, ETH  WTF-26…3749  WETH,4,,,https://eigenphi.io/mev/eigentx/0x81042f920d58c29381c4b30da2cf3a33229fba6302d6905357241f024a211dd9
0xc0aec86d0411a71d9fc499a4088d487e484bc498718917117be81fbc8f425432,19490105,1.043760185,,0x73f3fdc472b4ee3a374f8e0872fac48083cb0527,0x360e051a25ca6decd2f0e91ea4c179a96c0e565e,SWAP,Simple Blue Chip Swap (Buy),,,, MLN  USDC,1,,,https://eigenphi.io/mev/eigentx/0xc0aec86d0411a71d9fc499a4088d487e484bc498718917117be81fbc8f425432
0x89e42d04280216552d7402be54dbc3200540061a0a39bca8363f1990319e7620,19434286,0.6941657285,,0x73f3fdc472b4ee3a374f8e0872fac48083cb0527,0x360e051a25ca6decd2f0e91ea4c179a96c0e565e,SWAP,Simple Blue Chip Swap (Buy),,,, SSV  WETH,1,,,https://eigenphi.io/mev/eigentx/0x89e42d04280216552d7402be54dbc3200540061a0a39bca8363f1990319e7620
0x741bc235810f34ccecbfd7b3871bdbe167d09aa13b445baf2782168c77270b0e,19353150,0.651392273,,0x73f3fdc472b4ee3a374f8e0872fac48083cb0527,0x360e051a25ca6decd2f0e91ea4c179a96c0e565e,SWAP,Simple Blue Chip Swap (Sell),,,, SUPER  WETH,0,,,https://eigenphi.io/mev/eigentx/0x741bc235810f34ccecbfd7b3871bdbe167d09aa13b445baf2782168c77270b0e
0x27e671f5acba29e47fbc735ccd1ef29ff3fe9e2d369051ee6fed846166b3d557,19447622,0.5209489885,,0xe55587084187e7ccc9a2de66f6e57bd7201ab71e,0x360e051a25ca6decd2f0e91ea4c179a96c0e565e,SWAP,Simple Blue Chip Swap (Buy),,,, WETH  PEPE,0,,,https://eigenphi.io/mev/eigentx/0x27e671f5acba29e47fbc735ccd1ef29ff3fe9e2d369051ee6fed846166b3d557
0xf8033136ee8746006687fe3cf9d84405333f06641beaa97878f2f60bda071638,19419335,0.8640200202,4008.127814,0xc4c162e5e2475675cf07f4c851659d0f4266c224,0x4736b02db015dcd1a57a69c889d073b100000000,,,,,, ETH  BTL  WETH,2,,,https://eigenphi.io/mev/eigentx/0xf8033136ee8746006687fe3cf9d84405333f06641beaa97878f2f60bda071638
0x893a8c081f5d364d3da4151a62c02131c52ae817d14877db49770b9056b91ce1,19518855,0.7473556792,3635.676291,0xc4c162e5e2475675cf07f4c851659d0f4266c224,0x4736b02db015dcd1a57a69c889d073b100000000,,,4,,, ETH  LMEOW  WETH,2,,,https://eigenphi.io/mev/eigentx/0x893a8c081f5d364d3da4151a62c02131c52ae817d14877db49770b9056b91ce1
0x84304cc5314e28656ba541fef4ded84bfd69f2700ebe272310d02a31045005b8,19419163,0.660506421,4020.974019,0xc4c162e5e2475675cf07f4c851659d0f4266c224,0x4736b02db015dcd1a57a69c889d073b100000000,,,,,, ETH  WETH  STAR,2,,,https://eigenphi.io/mev/eigentx/0x84304cc5314e28656ba541fef4ded84bfd69f2700ebe272310d02a31045005b8
0x798d51d9d743e1ee749fdfa281266bff6bdf32c49263353f034cb48874fc28d4,19422984,0.4935585653,4021.591824,0xc4c162e5e2475675cf07f4c851659d0f4266c224,0x4736b02db015dcd1a57a69c889d073b100000000,,,,,, ETH  ZYN  WETH,2,,,https://eigenphi.io/mev/eigentx/0x798d51d9d743e1ee749fdfa281266bff6bdf32c49263353f034cb48874fc28d4
0x03d61d819b33824af7d1c4e5b5a24436c07bd840a7f8588e6d78e08252b29069,19375991,0.7145327353,,0xf07430ced3c50722e70ce2a85126acbe6be8c3fd,0x4e4bc98940a3ac33828377e41aef91c611367046,SWAP,Simple Blue Chip Swap (Buy),,,, WETH  WFO,108,,,https://eigenphi.io/mev/eigentx/0x03d61d819b33824af7d1c4e5b5a24436c07bd840a7f8588e6d78e08252b29069
0x074ce854166f2fc503044cbcd633de299622d16136b3d873396b1ccd6749e2f3,19375991,0.7145327353,,0xcb91bb784e3bff0e4f12406dfacdb1a7acc39657,0x4e4bc98940a3ac33828377e41aef91c611367046,SWAP,Simple Blue Chip Swap (Buy),,,, WETH  WFO,104,,,https://eigenphi.io/mev/eigentx/0x074ce854166f2fc503044cbcd633de299622d16136b3d873396b1ccd6749e2f3
0x1b6a56758c8bc2167264dcf393fce251bae73a49fa2cbd1828d39a0c51172caa,19375991,0.7145327353,,0x9ba81eba4e9b2cc4514c501cf0addbf03aff5a2a,0x4e4bc98940a3ac33828377e41aef91c611367046,SWAP,Simple Blue Chip Swap (Buy),,,, WETH  WFO,103,,,https://eigenphi.io/mev/eigentx/0x1b6a56758c8bc2167264dcf393fce251bae73a49fa2cbd1828d39a0c51172caa
0x523a081270cce22880d85932245d584e6e3bd285a312c18038d6ec05347ec873,19375991,0.7145327353,,0xe208a3b3275d310d1408f4d1514afc38bc7efae4,0x4e4bc98940a3ac33828377e41aef91c611367046,SWAP,Simple Blue Chip Swap (Buy),,,, WETH  WFO,117,,,https://eigenphi.io/mev/eigentx/0x523a081270cce22880d85932245d584e6e3bd285a312c18038d6ec05347ec873
0x527d6319e26ce60e4d31d3169616c7d69c6ad7b00769f068a3c27e33f2180eac,19375991,0.7145327353,,0x5700da44d59b5d8a84d0ea8189be5b090a0f999c,0x4e4bc98940a3ac33828377e41aef91c611367046,SWAP,Simple Blue Chip Swap (Buy),,,, WETH  WFO,118,,,https://eigenphi.io/mev/eigentx/0x527d6319e26ce60e4d31d3169616c7d69c6ad7b00769f068a3c27e33f2180eac
0x529261e015ad2a7d7a216d53dd1124fc9d7cd4281799f7a5ccb888650131e96e,19375991,0.7145327353,,0x8d366a331d54546979ba36142a1992654324dfa5,0x4e4bc98940a3ac33828377e41aef91c611367046,SWAP,Simple Blue Chip Swap (Buy),,,, WETH  WFO,101,,,https://eigenphi.io/mev/eigentx/0x529261e015ad2a7d7a216d53dd1124fc9d7cd4281799f7a5ccb888650131e96e
0x618d1d79a09d7c23e4533d2e41bf58f3bc5dc4ea5e07b056a6373200a4255465,19375991,0.7145327353,,0x468e6e56b1a24677b37c505ec10e42b274e64e96,0x4e4bc98940a3ac33828377e41aef91c611367046,SWAP,Simple Blue Chip Swap (Buy),,,, WETH  WFO,102,,,https://eigenphi.io/mev/eigentx/0x618d1d79a09d7c23e4533d2e41bf58f3bc5dc4ea5e07b056a6373200a4255465
0x71459c5d8b81b376f7c01cd3dee813e6b61bc6710b18156afc3848e73be658b2,19375991,0.7145327353,,0xeb9bd485ff5ffe495f146bbfdc41f0540ed973bc,0x4e4bc98940a3ac33828377e41aef91c611367046,SWAP,Simple Blue Chip Swap (Buy),,,, WETH  WFO,119,,,https://eigenphi.io/mev/eigentx/0x71459c5d8b81b376f7c01cd3dee813e6b61bc6710b18156afc3848e73be658b2
0x8cfb96511ba31ab26f9eb124f835873b4e32216884169ea97cbea3abdeceefe4,19375991,0.7145327353,,0xa928941a3275710736a28f7e433b8d9c5963edfd,0x4e4bc98940a3ac33828377e41aef91c611367046,SWAP,Simple Blue Chip Swap (Buy),,,, WETH  WFO,107,,,https://eigenphi.io/mev/eigentx/0x8cfb96511ba31ab26f9eb124f835873b4e32216884169ea97cbea3abdeceefe4
0x927ad296e8e6220d03d5a2a58337cca2016b059b942f86bdb3a2c0e9e3ec5ce4,19375991,0.7145327353,,0x8464dd2912cac34ca9872a659365990772f6ed99,0x4e4bc98940a3ac33828377e41aef91c611367046,SWAP,Simple Blue Chip Swap (Buy),,,, WETH  WFO,110,,,https://eigenphi.io/mev/eigentx/0x927ad296e8e6220d03d5a2a58337cca2016b059b942f86bdb3a2c0e9e3ec5ce4
0x9b2d23b3a14c8acb79803fecf5c05c7bff945f2c379be4eeb50a705740d9ebf9,19375991,0.7145327353,,0x36389f235e37b09cd3fd80cdeed38215e4ec3bb6,0x4e4bc98940a3ac33828377e41aef91c611367046,SWAP,Simple Blue Chip Swap (Buy),,,, WETH  WFO,100,,,https://eigenphi.io/mev/eigentx/0x9b2d23b3a14c8acb79803fecf5c05c7bff945f2c379be4eeb50a705740d9ebf9
0xaf0f098eac15d7e72661f512379469ffbb6eaf2f14b0537c05359a6787070587,19375991,0.7145327353,,0x33ef5bdfd0a1079c8a6649b508112489545649ee,0x4e4bc98940a3ac33828377e41aef91c611367046,SWAP,Simple Blue Chip Swap (Buy),,,, WETH  WFO,112,,,https://eigenphi.io/mev/eigentx/0xaf0f098eac15d7e72661f512379469ffbb6eaf2f14b0537c05359a6787070587
0xbfe65d71f047aae4e81a194e8802a2d7c688aed0473faf226ef58043e5796122,19375991,0.7145327353,,0x5f217bb9932eea291c39486d1f7e5aece9320ed1,0x4e4bc98940a3ac33828377e41aef91c611367046,SWAP,Simple Blue Chip Swap (Buy),,,, WETH  WFO,114,,,https://eigenphi.io/mev/eigentx/0xbfe65d71f047aae4e81a194e8802a2d7c688aed0473faf226ef58043e5796122
0xcfd2abffacb83b870171fac5a454544a12756fc0364c1cb6cced82e3332527bf,19375991,0.7145327353,,0x46cb3d849334093601949dd93aaa6fb9b7619415,0x4e4bc98940a3ac33828377e41aef91c611367046,SWAP,Simple Blue Chip Swap (Buy),,,, WETH  WFO,109,,,https://eigenphi.io/mev/eigentx/0xcfd2abffacb83b870171fac5a454544a12756fc0364c1cb6cced82e3332527bf
0xdb56aee16f4d104ca9a9f22eaf81fcf13965d43756445c7e5b9b02ce1ee15dba,19375991,0.7145327353,,0xf887f4b3893e8fa3738b77eea820396c3a35c4c3,0x4e4bc98940a3ac33828377e41aef91c611367046,SWAP,Simple Blue Chip Swap (Buy),,,, WETH  WFO,105,,,https://eigenphi.io/mev/eigentx/0xdb56aee16f4d104ca9a9f22eaf81fcf13965d43756445c7e5b9b02ce1ee15dba
0xdd4805b60066dbaa99a00875f27ecd9b46931d14265a2066f29bef99bfd49c6c,19375991,0.7145327353,,0xa826472893a9e5c5b350318a5bd0ca4cf386b6e2,0x4e4bc98940a3ac33828377e41aef91c611367046,SWAP,Simple Blue Chip Swap (Buy),,,, WETH  WFO,111,,,https://eigenphi.io/mev/eigentx/0xdd4805b60066dbaa99a00875f27ecd9b46931d14265a2066f29bef99bfd49c6c
0xea9941d7bf5cb33e7c09f5c45dc7aea14bd8a6bece0de569c5ca04ccdcbfc195,19375991,0.7145327353,,0xad9a35d9b4c256ee79bdd022189d18c4426d3d53,0x4e4bc98940a3ac33828377e41aef91c611367046,SWAP,Simple Blue Chip Swap (Buy),,,, WETH  WFO,115,,,https://eigenphi.io/mev/eigentx/0xea9941d7bf5cb33e7c09f5c45dc7aea14bd8a6bece0de569c5ca04ccdcbfc195
0xfca74fcd2553059f830663e4f42996b42d7ff11f94f94156be73934668f2cf3c,19375991,0.7145327353,,0xc6ba1f80a2df0e89ae9bcfe0ba539bdad60e7f5f,0x4e4bc98940a3ac33828377e41aef91c611367046,SWAP,Simple Blue Chip Swap (Buy),,,, WETH  WFO,116,,,https://eigenphi.io/mev/eigentx/0xfca74fcd2553059f830663e4f42996b42d7ff11f94f94156be73934668f2cf3c
0xff39deeda4340db4559491ae1bb6cf4eddad9471ad2c8d628f5f2c4ac1d02246,19375991,0.7145327353,,0xde117719386616d765f05bd7afb586e5a1050701,0x4e4bc98940a3ac33828377e41aef91c611367046,SWAP,Simple Blue Chip Swap (Buy),,,, WETH  WFO,113,,,https://eigenphi.io/mev/eigentx/0xff39deeda4340db4559491ae1bb6cf4eddad9471ad2c8d628f5f2c4ac1d02246
0xff3fcb6ef9884f55cd7ad886b7f7e799c4f62da53ef8fe0a84869542ee4de160,19375991,0.7145327353,,0xd2389dfb492183c67d7a73fb250b5af86d2a9772,0x4e4bc98940a3ac33828377e41aef91c611367046,SWAP,Simple Blue Chip Swap (Buy),,,, WETH  WFO,106,,,https://eigenphi.io/mev/eigentx/0xff3fcb6ef9884f55cd7ad886b7f7e799c4f62da53ef8fe0a84869542ee4de160
0xb6da3ea0593916b58a6115386d6e6e66761a5b5b36f2855b9360ee567fe4ab1d,19447579,5.166320347,,0x7fb6123f947dff6bd83f2f7a05fa35367abb7ced,0x5a9b39241d443038c22da6028fffc48bfd97d4d2,Builder Payment,Builder Payment,#N/A,,, ETH,2,,,https://eigenphi.io/mev/eigentx/0xb6da3ea0593916b58a6115386d6e6e66761a5b5b36f2855b9360ee567fe4ab1d
0xdaacaec2148592e1fc165334370d5d7af46ec659e0ca2157aab558c37b4af6bf,19407132,4.070327988,,0x7fb6123f947dff6bd83f2f7a05fa35367abb7ced,0x5a9b39241d443038c22da6028fffc48bfd97d4d2,Builder Payment,Builder Payment,#N/A,,, ETH,2,,,https://eigenphi.io/mev/eigentx/0xdaacaec2148592e1fc165334370d5d7af46ec659e0ca2157aab558c37b4af6bf
0x294820c6cc59eec665ce32a3ecc8e08af82a95ea1a93e15eb8bedc53681a6b18,19368465,1.896718246,,0x7fb6123f947dff6bd83f2f7a05fa35367abb7ced,0x5a9b39241d443038c22da6028fffc48bfd97d4d2,Builder Payment,Builder Payment,#N/A,,, ETH,3,,,https://eigenphi.io/mev/eigentx/0x294820c6cc59eec665ce32a3ecc8e08af82a95ea1a93e15eb8bedc53681a6b18
0x42523f1801c44d81fe8a755b9bbd0c64a872ccb70a475eb3fc1901982c4484be,19416919,0.9563166915,,0x7fb6123f947dff6bd83f2f7a05fa35367abb7ced,0x5a9b39241d443038c22da6028fffc48bfd97d4d2,Builder Payment,Builder Payment,#N/A,,, ETH,2,,,https://eigenphi.io/mev/eigentx/0x42523f1801c44d81fe8a755b9bbd0c64a872ccb70a475eb3fc1901982c4484be
0x9c91572efb92b4d1a19424321f18a78127841c85c4075dc61994baa6119d61ad,19363544,0.7889877,,0xfad73d581c05ec6cef97c8b4917eb2b18d0167ab,0x80a64c6d7f12c47b7c66c5b4e20e72bc1fcd5d9e,TG NFT Sniping,TG NFT Complex Blue Chip Swap (Buy),4,,, ETH  WETH  WTF-57…0737,0,,,https://eigenphi.io/mev/eigentx/0x9c91572efb92b4d1a19424321f18a78127841c85c4075dc61994baa6119d61ad
0x86ddb299d8cf491d9b22baeaa2b9cadb0403324dffa6d4e7caaa8903ec106adb,19392922,0.8718115051,,0xab95799727dfe3431bf4b52d2bafc6f8a6fac2c3,0x99b1817acb40e76c309e26b2face9da9eff55317,"SWAP, CEX related",Simple Blue Chip Swap (Buy),,,, WETH  FOX,0,,,https://eigenphi.io/mev/eigentx/0x86ddb299d8cf491d9b22baeaa2b9cadb0403324dffa6d4e7caaa8903ec106adb
0x6fcfc8a7fe00d8f79ff00636bc08949487cfee7f0eb14b5815793d84814a4f18,19457528,0.567620843,,0xab95799727dfe3431bf4b52d2bafc6f8a6fac2c3,0x99b1817acb40e76c309e26b2face9da9eff55317,"SWAP, CEX related",Simple Blue Chip Swap (Buy),,,, PRIME  WETH,0,,,https://eigenphi.io/mev/eigentx/0x6fcfc8a7fe00d8f79ff00636bc08949487cfee7f0eb14b5815793d84814a4f18
0x4b82c21bfb3b98041ab9d0f4dbfb35914ac2933e7b44eec33478bcf72d34aa50,19513720,12.00103741,,0x956d864e9e99e9be131ebb099d74ca05fa782c62,0xa4a343f900b1f0afc140af985f307b53629b1bca,"Sniping NEURA, many TXs in the same block are doing this",Complex Blue Chip Swap (Buy),4,,, ETH  WETH  NEURA,0,,,https://eigenphi.io/mev/eigentx/0x4b82c21bfb3b98041ab9d0f4dbfb35914ac2933e7b44eec33478bcf72d34aa50
0xc2ca171c2fcc209e5a0f19374c4040b1b2c625e4862cf3d17c3126ee951a8337,19436273,2.900672901,,0x956d864e9e99e9be131ebb099d74ca05fa782c62,0xa4a343f900b1f0afc140af985f307b53629b1bca,Unbalanced? ,Complex Blue Chip Swap (Buy),4,,, ETH  WETH  TEQ,4,,,https://eigenphi.io/mev/eigentx/0xc2ca171c2fcc209e5a0f19374c4040b1b2c625e4862cf3d17c3126ee951a8337
0x8c3aa757e759582e68d97de92d7d3e3054eee91d5c1ee8ad9c788da4bfbb6747,19528385,2.60083395,,0x956d864e9e99e9be131ebb099d74ca05fa782c62,0xa4a343f900b1f0afc140af985f307b53629b1bca,Sniping INSX,Complex Blue Chip Swap (Buy),4,,, ETH  WETH  INSX,1,,,https://eigenphi.io/mev/eigentx/0x8c3aa757e759582e68d97de92d7d3e3054eee91d5c1ee8ad9c788da4bfbb6747
0xe0504a138c0575a02750b1c3e85d18071b6afcb1ca5dc315a3db56ece15b81a5,19527254,1.900050368,,0xff1caed83f8bf63fba66d5928350e4f1c32fa09b,0xa4a343f900b1f0afc140af985f307b53629b1bca,"Sniping NEURA, maybe pumping?",Complex Blue Chip Swap (Buy),4,,, WETH  ZKLK  ETH,120,,,https://eigenphi.io/mev/eigentx/0xe0504a138c0575a02750b1c3e85d18071b6afcb1ca5dc315a3db56ece15b81a5
0x7ea35130883fe0a28179da9b8f726872e231f5026c2e4b173760b25684153140,19526690,22.00001339,,0x6d0a9e4b3026efa6a5a4d195bba0eef699ca5ae5,0xa5c7fe26c0a339fb449ca8c9d565dcf44472ac86,Call on MEV Bot (https://etherscan.io/address/0xa5c7fe26c0a339fb449ca8c9d565dcf44472ac86),MEV BOT Call,#N/A,,, ETH  WETH  STEAK,1,,,https://eigenphi.io/mev/eigentx/0x7ea35130883fe0a28179da9b8f726872e231f5026c2e4b173760b25684153140
0xc5ac1e5faf1f025979fd3be00e29d3c800c8bd01edb8ad3ddfca6cc26766e004,19405905,5.561345472,,0xefae7395c20eb28f4f9810e8688a5ea79e1e24ed,0xb0000000aa4f00af1200c8b2befb6300853f0069,Swap (Uniswap),Simple Blue Chip Swap (Sell),,,, ETH  WETH  MAZZE,3,,,https://eigenphi.io/mev/eigentx/0xc5ac1e5faf1f025979fd3be00e29d3c800c8bd01edb8ad3ddfca6cc26766e004
0xb5fc932963c3c74a6025cbd2ab7b3fec25cc3f18e9f5d9c4f182876b0d6a6042,19465616,0.9142826991,,0xefae7395c20eb28f4f9810e8688a5ea79e1e24ed,0xb0000000aa4f00af1200c8b2befb6300853f0069,Swap (Uniswap),Blue Chip Only Swap,,,, ETH  WETH  USDC,5,,,https://eigenphi.io/mev/eigentx/0xb5fc932963c3c74a6025cbd2ab7b3fec25cc3f18e9f5d9c4f182876b0d6a6042
0x44e5860459de7f8b359d5431f8b116e224449a2b63f4996a7a996a7ee30cec5d,19351027,0.6504321446,,0xefae7395c20eb28f4f9810e8688a5ea79e1e24ed,0xb0000000aa4f00af1200c8b2befb6300853f0069,Remove/Collect/swap (Uniswap),Complex Blue Chip Swap (Sell),4,,, ETH  virtua…WETH  virtua…wTAO  virtua…dity  wTAO  WETH,2,,,https://eigenphi.io/mev/eigentx/0x44e5860459de7f8b359d5431f8b116e224449a2b63f4996a7a996a7ee30cec5d
0x43221c36a5eda04ea2a093a5357b842fc7945bea9028313ff90d50d8c4bec4ed,19375592,0.6400216291,,0xefae7395c20eb28f4f9810e8688a5ea79e1e24ed,0xb0000000aa4f00af1200c8b2befb6300853f0069,Remove/Collect/swap (Uniswap),Complex Blue Chip Swap (Sell),4,,, ETH  virtua…USDC  virtua…0RBN  virtua…dity  RBN  USDC  variab…USDC  WETH  aEthWETH,2,,,https://eigenphi.io/mev/eigentx/0x43221c36a5eda04ea2a093a5357b842fc7945bea9028313ff90d50d8c4bec4ed
0x8e020693f44ed502563bb3fa78140e5bc522c4fea196e83a8e8c751d2cee7f87,19444909,0.4347799785,,0xefae7395c20eb28f4f9810e8688a5ea79e1e24ed,0xb0000000aa4f00af1200c8b2befb6300853f0069,Swap (Uniswap),Simple Blue Chip Swap (Sell),,,, ETH  WETH  IAI,10,,,https://eigenphi.io/mev/eigentx/0x8e020693f44ed502563bb3fa78140e5bc522c4fea196e83a8e8c751d2cee7f87
0x69a05afb33184cd8cf40f5c63ab2fb42f7a6b61c2ab3860ed304b36e392f8f9f,19371201,10.98112034,,0xcaca02c73297df6f027589801a4e4f4bde58fb50,0xbb8f69fc5696e66d8b22f981f4833f3354d52e62,Swap,Liquidation,4,,, ETH  DAI  variab…tDAI  WETH  spWETH  USDC,2,,,https://eigenphi.io/mev/eigentx/0x69a05afb33184cd8cf40f5c63ab2fb42f7a6b61c2ab3860ed304b36e392f8f9f
0x716d0f94e8e9fa689b82ef8f202efa96743b9dd14f951dc7b7f9b2d30b4907fd,19450105,2.275866643,,0xcaca01d70d90a56d3ba7589aead171d83b26da7f,0xbb8f69fc5696e66d8b22f981f4833f3354d52e62,Liquidation,Liquidation,4,MEV Bot,, ETH  USDC  aUSDC  variab…USDC  aWETH  WETH,1,Y,,https://eigenphi.io/mev/eigentx/0x716d0f94e8e9fa689b82ef8f202efa96743b9dd14f951dc7b7f9b2d30b4907fd
0x5557c6d735c59110abaaa7d33a5f115258acbe03f9eec5e7c66e0118196fa906,19371254,5.989159558,,0x2e7fd7264ab0e27de027b505f7af68fc96f8138d,0xbeb5fd030ffb0fbc95d68113c1c796eff65526d7,Swap (Uniswap/Binance),Blue Chip Only Swap,4,MEV Bot,, WETH  USDC  ETH,2,,,https://eigenphi.io/mev/eigentx/0x5557c6d735c59110abaaa7d33a5f115258acbe03f9eec5e7c66e0118196fa906
0xdf7cd13abbb2b167d8d2376262ad993119cd0a484a597eb8727306c3a9fd8fe4,19371253,4.758105555,,0xdb1cd45843b6c8d573f3d4b6a306d0ecdd213a48,0xbeb5fd030ffb0fbc95d68113c1c796eff65526d7,Swap (Uniswap/Binance),Blue Chip Only Swap,4,MEV Bot,, WETH  USDC  ETH,218,,,https://eigenphi.io/mev/eigentx/0xdf7cd13abbb2b167d8d2376262ad993119cd0a484a597eb8727306c3a9fd8fe4
0xbf23e58cc18eafb7cad41f1a5a40f2eea581b72fef8979339ba152cb8938e523,19439385,0.9451880659,,0xdb1cd45843b6c8d573f3d4b6a306d0ecdd213a48,0xbeb5fd030ffb0fbc95d68113c1c796eff65526d7,Swap (Uniswap/Binance),Blue Chip Only Swap,,MEV Bot,, WETH  USDC  ETH,207,,,https://eigenphi.io/mev/eigentx/0xbf23e58cc18eafb7cad41f1a5a40f2eea581b72fef8979339ba152cb8938e523
0x4254989ec8f448e2fb587b4fe41c4518397457bfe02fcbc4a7ac1fed6dcb186a,19439393,0.5370795499,,0xdb1cd45843b6c8d573f3d4b6a306d0ecdd213a48,0xbeb5fd030ffb0fbc95d68113c1c796eff65526d7,Swap (Uniswap/Binance),Blue Chip Only Swap,4,MEV Bot,, WETH  USDT  ETH,5,,,https://eigenphi.io/mev/eigentx/0x4254989ec8f448e2fb587b4fe41c4518397457bfe02fcbc4a7ac1fed6dcb186a
0x6fbafc58dbf653ccc9b2d528f7180dd1f06cfbf999e07e67c05be1e75f2a450c,19371229,0.5108075639,,0xdb1cd45843b6c8d573f3d4b6a306d0ecdd213a48,0xbeb5fd030ffb0fbc95d68113c1c796eff65526d7,Swap (Uniswap/Binance),Blue Chip Only Swap,4,MEV Bot,, USDC  WETH  ETH,0,,,https://eigenphi.io/mev/eigentx/0x6fbafc58dbf653ccc9b2d528f7180dd1f06cfbf999e07e67c05be1e75f2a450c
0x517537e6872556b002a17901614d8c25326a5f782fad77478e499b5c749654b9,19383969,0.5053296476,,0x53c52f2f65dea66b3318576aef8d00ab8f5d626b,0xbeb5fd030ffb0fbc95d68113c1c796eff65526d7,Swap (Uniswap/Binance),Blue Chip Only Swap,,MEV Bot,, USDC  WETH  ETH,0,,,https://eigenphi.io/mev/eigentx/0x517537e6872556b002a17901614d8c25326a5f782fad77478e499b5c749654b9
0xad029ed16c28d738d6b9128da339ffebfbe09adc1364f4bf632699ce99ade94c,19518742,0.4974234806,,0x53c52f2f65dea66b3318576aef8d00ab8f5d626b,0xbeb5fd030ffb0fbc95d68113c1c796eff65526d7,Swap (Uniswap/Binance),Blue Chip Only Swap,4,MEV Bot,, WBTC  WETH  ETH,0,,,https://eigenphi.io/mev/eigentx/0xad029ed16c28d738d6b9128da339ffebfbe09adc1364f4bf632699ce99ade94c
0x84ff3e880dc882a067dc9fda7fc3f3b874620583a171bb04f6c55040642214fc,19366498,0.4763747128,,0xa16bb74dfb441ab5e01aa51b9b16dc6acca08c5d,0xbeb5fd030ffb0fbc95d68113c1c796eff65526d7,Swap (Uniswap/Binance),Complex Blue Chip Swap (Sell),4,MEV Bot,, WETH  LDO  ETH,1,,,https://eigenphi.io/mev/eigentx/0x84ff3e880dc882a067dc9fda7fc3f3b874620583a171bb04f6c55040642214fc
0x55d4d72c0b74469591cd8b4f93e2d719cedd46a4b798effe24a9c0e1a750582d,19391342,0.4580632916,,0xe838f5435da26453bc467009e55e446314a273cb,0xbeb5fd030ffb0fbc95d68113c1c796eff65526d7,Swap (Uniswap/Binance),Blue Chip Only Swap,4,MEV Bot,, WBTC  WETH  ETH,0,,,https://eigenphi.io/mev/eigentx/0x55d4d72c0b74469591cd8b4f93e2d719cedd46a4b798effe24a9c0e1a750582d
0xa3fd50479fa0556335a017e310e58ebcc44f5512593c0ccb2adc0e176410bbc7,19412165,1.756916753,4048.275655,0xdf3504e9d05e54197f5d6db864194b199258571d,0xdc3bfcb3521cd02af66d394f817a0e6fe62ded95,,,#N/A,,, wTAO  CETI  WETH,1,,,https://eigenphi.io/mev/eigentx/0xa3fd50479fa0556335a017e310e58ebcc44f5512593c0ccb2adc0e176410bbc7
0x69d19abe6bc6a4604469a120a270d9cdf77497d63de08077a58f6715ba50ee3e,19435784,0.684028948,3828.238374,0xdf3504e9d05e54197f5d6db864194b199258571d,0xdc3bfcb3521cd02af66d394f817a0e6fe62ded95,,,#N/A,,, WETH  ORDS,2,,,https://eigenphi.io/mev/eigentx/0x69d19abe6bc6a4604469a120a270d9cdf77497d63de08077a58f6715ba50ee3e
0x0441cb9e43ec7579c28fdd42499cc34d0759eba4d990c95087b096477454f2d6,19374856,0.5925536047,3832.316789,0xdf3504e9d05e54197f5d6db864194b199258571d,0xdc3bfcb3521cd02af66d394f817a0e6fe62ded95,,,#N/A,,, OPSEC  WETH  USDC  WBTC  USDT,0,,,https://eigenphi.io/mev/eigentx/0x0441cb9e43ec7579c28fdd42499cc34d0759eba4d990c95087b096477454f2d6
0x04aa53e434425eef368d4d1ce9724f5d7afd5fd4ca0990e2967c3946edce8d44,19519680,0.5018084658,3587.863969,0xdf3504e9d05e54197f5d6db864194b199258571d,0xdc3bfcb3521cd02af66d394f817a0e6fe62ded95,,,#N/A,,, WETH  FARM,1,,,https://eigenphi.io/mev/eigentx/0x04aa53e434425eef368d4d1ce9724f5d7afd5fd4ca0990e2967c3946edce8d44
0xdf742ff68997e69909a2913071d09c882598c5b2a58b5c6d902ad6c3d76538eb,19420948,0.5511604495,,0x366effd6307a44afd6da5e8adba388ea208740bc,0xe5bba2bde7d4192d4b986e9e87a39f0c0dadeb38,Token Purchase/Sniping,Complex Blue Chip Swap (Buy),4,,, ETH  WETH  ZION,8,,,https://eigenphi.io/mev/eigentx/0xdf742ff68997e69909a2913071d09c882598c5b2a58b5c6d902ad6c3d76538eb
0xaa3697190a0aaa65b1956de875708c28c407561a2dc320f46f0f67b1ee59f9c9,19535219,0.517197164,,0xb0e4ee99d28fd60772c8a90627edd77829cb9b58,0xe5bba2bde7d4192d4b986e9e87a39f0c0dadeb38,Token Purchase/Sniping,Complex Blue Chip Swap (Buy),4,,, ETH  WETH  POS,20,,,https://eigenphi.io/mev/eigentx/0xaa3697190a0aaa65b1956de875708c28c407561a2dc320f46f0f67b1ee59f9c9
0xe799fd3c658b4e9de01adae720d04d289abdc5f82ee63f0239e26a2136a0d187,19413075,0.4547323,,0xb0e4ee99d28fd60772c8a90627edd77829cb9b58,0xe5bba2bde7d4192d4b986e9e87a39f0c0dadeb38,Token Purchase,Complex Blue Chip Swap (Buy),4,,, ETH  WETH  0xN,0,,,https://eigenphi.io/mev/eigentx/0xe799fd3c658b4e9de01adae720d04d289abdc5f82ee63f0239e26a2136a0d187
0xff4a0937c4d8c30f53a3b80cc0c1651a157be489b3b2c8dd40a4fced953effd7,19526690,0.44,,0xbf2499e4cda11eb33eea341ae425d85b6e93f028,0xe5bba2bde7d4192d4b986e9e87a39f0c0dadeb38,Token Purchase/Sniping,Complex Blue Chip Swap (Buy),4,,, ETH  WETH  STEAK,2,,,https://eigenphi.io/mev/eigentx/0xff4a0937c4d8c30f53a3b80cc0c1651a157be489b3b2c8dd40a4fced953effd7
0x5662122d8d77e2bbc1b2fdf33d881fbb73b803eca151ad1a9d51900e851c6ddd,19439380,0.7821468417,,0x24f7ef98522dd61d529464f67bb3ffe96ea8afc2,0xe8cfad4c75a5e1caf939fd80afcf837dde340a69,Swap,Blue Chip Only Swap,,,, WETH  USDC,0,,,https://eigenphi.io/mev/eigentx/0x5662122d8d77e2bbc1b2fdf33d881fbb73b803eca151ad1a9d51900e851c6ddd
0x08213a0b96427b98bcaddf86a41066a0da00ddaeaa4a94e890ece787fc23e22a,19359937,0.8190445587,,0xff64e8e2a0afc9923461f446d7e31863c2bc1f4b,0xc6fecdf760af24095cded954de7d81ab49f8bae1,,Simple Blue Chip Swap (Buy),,,,MNT  WETH  ETH,1,N,https://eigenphi.io/mev/eigentx/0x08213a0b96427b98bcaddf86a41066a0da00ddaeaa4a94e890ece787fc23e22a,https://eigenphi.io/mev/eigentx/0x08213a0b96427b98bcaddf86a41066a0da00ddaeaa4a94e890ece787fc23e22a
0x0df9a2e4d62bea0e0a20d3370663a51706af105abdfc588e9753eea08bab62f6,19528071,1.210067448,,0x062d70df2c5ada007863fae86713ec430593e402,0x6f1cdbbb4d53d226cf4b917bf768b94acbab6168,,Blue Chip Only Swap,,,,ETH  USDC  WETH,50,N,https://eigenphi.io/mev/eigentx/0x0df9a2e4d62bea0e0a20d3370663a51706af105abdfc588e9753eea08bab62f6,https://eigenphi.io/mev/eigentx/0x0df9a2e4d62bea0e0a20d3370663a51706af105abdfc588e9753eea08bab62f6
0x0ee6630335fc98e551bb6715b633e99507627e16491215bcc6d4b67070b2c568,19397733,0.4588875561,,0xff64e8e2a0afc9923461f446d7e31863c2bc1f4b,0xc6fecdf760af24095cded954de7d81ab49f8bae1,,Complex Blue Chip Swap (Buy),4,,,WETH  ZCX  ETH,1,N,https://eigenphi.io/mev/eigentx/0x0ee6630335fc98e551bb6715b633e99507627e16491215bcc6d4b67070b2c568,https://eigenphi.io/mev/eigentx/0x0ee6630335fc98e551bb6715b633e99507627e16491215bcc6d4b67070b2c568
0x1a838ffef87d47d7b0280c291efcfabbc35e655d210d8ba4056e52b4f86d41f6,19425721,0.4643629005,,0xff64e8e2a0afc9923461f446d7e31863c2bc1f4b,0xc6fecdf760af24095cded954de7d81ab49f8bae1,,Simple Blue Chip Swap (Buy),,,,WETH  TET  ETH,1,N,https://eigenphi.io/mev/eigentx/0x1a838ffef87d47d7b0280c291efcfabbc35e655d210d8ba4056e52b4f86d41f6,https://eigenphi.io/mev/eigentx/0x1a838ffef87d47d7b0280c291efcfabbc35e655d210d8ba4056e52b4f86d41f6
0x288644a8fb9f5e94cbb9da6ee0c47e4b501164f4a774b7d1cbb6fdd18dccf2f7,19546274,0.6769448449,,0xa009fa1ac416ec02f6f902a3a4a584b092ae6123,0xfbeedcfe378866dab6abbafd8b2986f5c1768737,,Simple Blue Chip Swap (Buy),,,,ETH  SOL  WETH,84,N,https://eigenphi.io/mev/eigentx/0x288644a8fb9f5e94cbb9da6ee0c47e4b501164f4a774b7d1cbb6fdd18dccf2f7,https://eigenphi.io/mev/eigentx/0x288644a8fb9f5e94cbb9da6ee0c47e4b501164f4a774b7d1cbb6fdd18dccf2f7
0x2c24424cef693033e543cb04b40e481a9322254391a501ce8e2ac2208f4bbba5,19497405,0.5323519906,,0xff64e8e2a0afc9923461f446d7e31863c2bc1f4b,0xc6fecdf760af24095cded954de7d81ab49f8bae1,,Complex Blue Chip Swap (Buy),4,,,ALT  WETH  ETH,1,N,https://eigenphi.io/mev/eigentx/0x2c24424cef693033e543cb04b40e481a9322254391a501ce8e2ac2208f4bbba5,https://eigenphi.io/mev/eigentx/0x2c24424cef693033e543cb04b40e481a9322254391a501ce8e2ac2208f4bbba5
0x2e9158e7cc92a839a81ab83c1cf3163a99bcb7bfad801deac84f9e7d49e8a18a,19352820,0.6222731693,,0xff64e8e2a0afc9923461f446d7e31863c2bc1f4b,0xc6fecdf760af24095cded954de7d81ab49f8bae1,,Complex Blue Chip Swap (Buy),4,,,WETH  ORN  ETH,1,N,https://eigenphi.io/mev/eigentx/0x2e9158e7cc92a839a81ab83c1cf3163a99bcb7bfad801deac84f9e7d49e8a18a,https://eigenphi.io/mev/eigentx/0x2e9158e7cc92a839a81ab83c1cf3163a99bcb7bfad801deac84f9e7d49e8a18a
0x31b9aeabbb43a1d3f3defcb31bc2a8aae58252900f7d20ecd3cff557b903b323,19501187,0.4561090784,,0x570a00fbf676cba7671c245e4b77c07f8e5a4a9b,0xc6fecdf760af24095cded954de7d81ab49f8bae1,,Simple Blue Chip Swap (Buy),,,,WETH  DGI  ETH,1,N,https://eigenphi.io/mev/eigentx/0x31b9aeabbb43a1d3f3defcb31bc2a8aae58252900f7d20ecd3cff557b903b323,https://eigenphi.io/mev/eigentx/0x31b9aeabbb43a1d3f3defcb31bc2a8aae58252900f7d20ecd3cff557b903b323
0x31e611e91a96f641387fb34382c9eb878c1b4ff68d448fda6dd30a2385c178a2,19363283,0.7930347945,,0xff64e8e2a0afc9923461f446d7e31863c2bc1f4b,0xc6fecdf760af24095cded954de7d81ab49f8bae1,,Complex Blue Chip Swap (Buy),4,,,USDC  WETH  NUM  ETH,1,N,https://eigenphi.io/mev/eigentx/0x31e611e91a96f641387fb34382c9eb878c1b4ff68d448fda6dd30a2385c178a2,https://eigenphi.io/mev/eigentx/0x31e611e91a96f641387fb34382c9eb878c1b4ff68d448fda6dd30a2385c178a2
0x3d4e97e205413c688cbdf2b64e81c0c5b572f1caeaa5d09982867ac562ab32e6,19494612,0.6670887077,,0x18adb1185658427f37764b95f6e2fa0aa93c5112,0x6f1cdbbb4d53d226cf4b917bf768b94acbab6168,,Blue Chip Only Swap,,,,ETH  WETH  USDC,40,N,https://eigenphi.io/mev/eigentx/0x3d4e97e205413c688cbdf2b64e81c0c5b572f1caeaa5d09982867ac562ab32e6,https://eigenphi.io/mev/eigentx/0x3d4e97e205413c688cbdf2b64e81c0c5b572f1caeaa5d09982867ac562ab32e6
0x409fccf9d5304ac36002354b2fc86bb061aa413ee0b78b3400a748195b15a594,19396593,0.4947260013,,0x1fa35af839876d9564b84fcfd09ce3814dbd92b8,0x6f1cdbbb4d53d226cf4b917bf768b94acbab6168,,Simple Blue Chip Swap (Buy),,,,ETH  WETH  ILV,0,N,https://eigenphi.io/mev/eigentx/0x409fccf9d5304ac36002354b2fc86bb061aa413ee0b78b3400a748195b15a594,https://eigenphi.io/mev/eigentx/0x409fccf9d5304ac36002354b2fc86bb061aa413ee0b78b3400a748195b15a594
0x410240f97bc51577ad7dd77437cbf88a57368d266eca14b2711c2fd8c65b2307,19460984,0.441912113,,0xff64e8e2a0afc9923461f446d7e31863c2bc1f4b,0xc6fecdf760af24095cded954de7d81ab49f8bae1,,Complex Blue Chip Swap (Buy),4,,,WETH  USDT  Mog  ETH,0,N,https://eigenphi.io/mev/eigentx/0x410240f97bc51577ad7dd77437cbf88a57368d266eca14b2711c2fd8c65b2307,https://eigenphi.io/mev/eigentx/0x410240f97bc51577ad7dd77437cbf88a57368d266eca14b2711c2fd8c65b2307
0x416037e678bb18726967ef1f585571c6db3db46e319d104902ad705035cde47a,19517991,0.5950381572,,0x570a00fbf676cba7671c245e4b77c07f8e5a4a9b,0xc6fecdf760af24095cded954de7d81ab49f8bae1,,Simple Blue Chip Swap (Buy),,,,NGL  WETH  ETH,1,N,https://eigenphi.io/mev/eigentx/0x416037e678bb18726967ef1f585571c6db3db46e319d104902ad705035cde47a,https://eigenphi.io/mev/eigentx/0x416037e678bb18726967ef1f585571c6db3db46e319d104902ad705035cde47a
0x427b4ec2db240571084fb785b410644094f079032b5640aeb668786d1ffc5770,19487610,1.133202466,,0x03a8b6d17c22a4911a74cf0e3cdd1ba7a2c458bb,0x6f1cdbbb4d53d226cf4b917bf768b94acbab6168,,Blue Chip Only Swap,,,,ETH  USDC  WETH,63,N,https://eigenphi.io/mev/eigentx/0x427b4ec2db240571084fb785b410644094f079032b5640aeb668786d1ffc5770,https://eigenphi.io/mev/eigentx/0x427b4ec2db240571084fb785b410644094f079032b5640aeb668786d1ffc5770
0x496d0c5049d8a091a95aee720e86b256d4d955785ddc25066011f4e583582c74,19494179,1.029516792,,0x0588eed1e58744ee5354c8ad0f89707b238c8aa9,0x6f1cdbbb4d53d226cf4b917bf768b94acbab6168,,Blue Chip Only Swap,,,,ETH  USDC  WETH,86,N,https://eigenphi.io/mev/eigentx/0x496d0c5049d8a091a95aee720e86b256d4d955785ddc25066011f4e583582c74,https://eigenphi.io/mev/eigentx/0x496d0c5049d8a091a95aee720e86b256d4d955785ddc25066011f4e583582c74
0x4ca74fd0b264436cba957592527399f9ed885df10f239980291154e9a38f2c7f,19480366,0.4527293054,,0x7088659e96e5dcc91608d871937bdb5fa0776bac,0xc6fecdf760af24095cded954de7d81ab49f8bae1,,Complex Blue Chip Swap (Buy),4,,,USDT  USDC  CQT  ETH,0,N,https://eigenphi.io/mev/eigentx/0x4ca74fd0b264436cba957592527399f9ed885df10f239980291154e9a38f2c7f,https://eigenphi.io/mev/eigentx/0x4ca74fd0b264436cba957592527399f9ed885df10f239980291154e9a38f2c7f
0x56c99115f034904ff3c37653a45589faedf72f36ecafe632bc8254132fa3f1ff,19353989,0.4401054509,,0x570a00fbf676cba7671c245e4b77c07f8e5a4a9b,0xc6fecdf760af24095cded954de7d81ab49f8bae1,,Complex Blue Chip Swap (Buy),4,,,WETH  USDT  KARATE  ETH,1,N,https://eigenphi.io/mev/eigentx/0x56c99115f034904ff3c37653a45589faedf72f36ecafe632bc8254132fa3f1ff,https://eigenphi.io/mev/eigentx/0x56c99115f034904ff3c37653a45589faedf72f36ecafe632bc8254132fa3f1ff
0x57086f5fdd2483bacc701929f0fc19a6702e2558e7646c8f154cafbe409e975c,19394049,0.4908531486,,0x570a00fbf676cba7671c245e4b77c07f8e5a4a9b,0xc6fecdf760af24095cded954de7d81ab49f8bae1,,Simple Blue Chip Swap (Buy),,,,WETH  FLOKI  ETH,0,N,https://eigenphi.io/mev/eigentx/0x57086f5fdd2483bacc701929f0fc19a6702e2558e7646c8f154cafbe409e975c,https://eigenphi.io/mev/eigentx/0x57086f5fdd2483bacc701929f0fc19a6702e2558e7646c8f154cafbe409e975c
0x63c7ea48c1b81c79c1b1decb82a3f5203a331228fea3f2ec7f8708c362cc1e7f,19430542,2.116413597,,0x000c227e72d9ed7a35a09e260cdd5bd468dcd29b,0x6f1cdbbb4d53d226cf4b917bf768b94acbab6168,,Simple Blue Chip Swap (Buy),,,,ETH  WETH  PEPE,115,N,https://eigenphi.io/mev/eigentx/0x63c7ea48c1b81c79c1b1decb82a3f5203a331228fea3f2ec7f8708c362cc1e7f,https://eigenphi.io/mev/eigentx/0x63c7ea48c1b81c79c1b1decb82a3f5203a331228fea3f2ec7f8708c362cc1e7f
0x688a6cdc1741c816326f3b6a50d085f815ec0e9dbf5d1f0e0b6c0ec2657929b9,19342766,0.5627776324,,0x7088659e96e5dcc91608d871937bdb5fa0776bac,0xc6fecdf760af24095cded954de7d81ab49f8bae1,,Simple Blue Chip Swap (Buy),,,,WETH  FLOKI  ETH,1,N,https://eigenphi.io/mev/eigentx/0x688a6cdc1741c816326f3b6a50d085f815ec0e9dbf5d1f0e0b6c0ec2657929b9,https://eigenphi.io/mev/eigentx/0x688a6cdc1741c816326f3b6a50d085f815ec0e9dbf5d1f0e0b6c0ec2657929b9
0x69fb08300d30a8263a6e0866de9b6f298b88c60086cad2324262c31cbb48387e,19472039,4.436707167,,0x03a8b6d17c22a4911a74cf0e3cdd1ba7a2c458bb,0x6f1cdbbb4d53d226cf4b917bf768b94acbab6168,,Blue Chip Only Swap,,,,ETH  WETH  USDC,6,N,https://eigenphi.io/mev/eigentx/0x69fb08300d30a8263a6e0866de9b6f298b88c60086cad2324262c31cbb48387e,https://eigenphi.io/mev/eigentx/0x69fb08300d30a8263a6e0866de9b6f298b88c60086cad2324262c31cbb48387e
0x6b077b5edf6b2f9f38664538c80ed7b91b08e682e97e5cc10ba7ed9565d97ecb,19380944,0.7608501249,,0x570a00fbf676cba7671c245e4b77c07f8e5a4a9b,0xc6fecdf760af24095cded954de7d81ab49f8bae1,,Simple Blue Chip Swap (Buy),,,,WETH  ARC  ETH,1,N,https://eigenphi.io/mev/eigentx/0x6b077b5edf6b2f9f38664538c80ed7b91b08e682e97e5cc10ba7ed9565d97ecb,https://eigenphi.io/mev/eigentx/0x6b077b5edf6b2f9f38664538c80ed7b91b08e682e97e5cc10ba7ed9565d97ecb
0x7695bab0333e6455a3f9a5fef28e4dfd619141ffbfa98049cfe3a86c2e8d24cd,19372773,1.245995254,,0x1692ed8a4c20910e96b6cf3e37146789a6bddbc8,0x6f1cdbbb4d53d226cf4b917bf768b94acbab6168,,Blue Chip Only Swap,,,,ETH  WETH  USDC,55,N,https://eigenphi.io/mev/eigentx/0x7695bab0333e6455a3f9a5fef28e4dfd619141ffbfa98049cfe3a86c2e8d24cd,https://eigenphi.io/mev/eigentx/0x7695bab0333e6455a3f9a5fef28e4dfd619141ffbfa98049cfe3a86c2e8d24cd
0x7ffa8a10c33f018c1a9793faeb6e1d12f3670ceffaa869a3bd8dea2098fdebb0,19468580,5.948072994,,0x1705c22f61fc381e3dedf870510028b7f1831fe5,0x6f1cdbbb4d53d226cf4b917bf768b94acbab6168,,Blue Chip Only Swap,,,,ETH  USDC  WETH,10,N,https://eigenphi.io/mev/eigentx/0x7ffa8a10c33f018c1a9793faeb6e1d12f3670ceffaa869a3bd8dea2098fdebb0,https://eigenphi.io/mev/eigentx/0x7ffa8a10c33f018c1a9793faeb6e1d12f3670ceffaa869a3bd8dea2098fdebb0
0x82ffcc075d3fd5a0d9b7117cbf7169f3a2120b0ca38ce36d813c65bcb0b18b8e,19503172,0.7969300433,,0x1705c22f61fc381e3dedf870510028b7f1831fe5,0x6f1cdbbb4d53d226cf4b917bf768b94acbab6168,,Blue Chip Only Swap,,,,ETH  USDT  WETH,45,N,https://eigenphi.io/mev/eigentx/0x82ffcc075d3fd5a0d9b7117cbf7169f3a2120b0ca38ce36d813c65bcb0b18b8e,https://eigenphi.io/mev/eigentx/0x82ffcc075d3fd5a0d9b7117cbf7169f3a2120b0ca38ce36d813c65bcb0b18b8e
0x85f472e64ab229c4a480b5be15222b470087aa78eda21249e681851274e38506,19533387,0.6055865388,,0x570a00fbf676cba7671c245e4b77c07f8e5a4a9b,0xc6fecdf760af24095cded954de7d81ab49f8bae1,,Simple Blue Chip Swap (Buy),,,,WETH  VRX  ETH,1,N,https://eigenphi.io/mev/eigentx/0x85f472e64ab229c4a480b5be15222b470087aa78eda21249e681851274e38506,https://eigenphi.io/mev/eigentx/0x85f472e64ab229c4a480b5be15222b470087aa78eda21249e681851274e38506
0x8ea184c31a9612ce38a400e5d502b08d303b4090010bf885b2e1bc62a07bc945,19372354,0.553572644,,0x65fb9db5fc926eb22ac5ae86e74242e0df44718c,0x24902aa0cf0000a08c0ea0b003b0c0bf600000e0,,Complex Blue Chip Swap (Sell),4,,,ETH  USDT  USDe  USDC  WETH,1,N,https://eigenphi.io/mev/eigentx/0x8ea184c31a9612ce38a400e5d502b08d303b4090010bf885b2e1bc62a07bc945,https://eigenphi.io/mev/eigentx/0x8ea184c31a9612ce38a400e5d502b08d303b4090010bf885b2e1bc62a07bc945
0x8f266164712d256b18b4fe92a5f1419db851bb2c45876edc3f423ebade4ced00,19491845,0.6471055839,,0x570a00fbf676cba7671c245e4b77c07f8e5a4a9b,0xc6fecdf760af24095cded954de7d81ab49f8bae1,,Simple Blue Chip Swap (Buy),,,,CRO  WETH  ETH,1,N,https://eigenphi.io/mev/eigentx/0x8f266164712d256b18b4fe92a5f1419db851bb2c45876edc3f423ebade4ced00,https://eigenphi.io/mev/eigentx/0x8f266164712d256b18b4fe92a5f1419db851bb2c45876edc3f423ebade4ced00
0x8f88cf72e8144d935e378f7d50b533b3240e10ff0c9b4a207346e86803ffbf01,19494602,0.4903897387,,0x0a9309bdb9bab59ff76872f6f9b7b24dd67c51ad,0x6f1cdbbb4d53d226cf4b917bf768b94acbab6168,,Blue Chip Only Swap,,,,ETH  WETH  USDC,99,N,https://eigenphi.io/mev/eigentx/0x8f88cf72e8144d935e378f7d50b533b3240e10ff0c9b4a207346e86803ffbf01,https://eigenphi.io/mev/eigentx/0x8f88cf72e8144d935e378f7d50b533b3240e10ff0c9b4a207346e86803ffbf01
0x8fdc45706f1ea777104befbd803ee836fee4e1b4b1db3bd2df9abadce31cb620,19525567,0.436347693,,0x570a00fbf676cba7671c245e4b77c07f8e5a4a9b,0xc6fecdf760af24095cded954de7d81ab49f8bae1,,Simple Blue Chip Swap (Buy),,,,WETH  TOKEN  ETH,0,N,https://eigenphi.io/mev/eigentx/0x8fdc45706f1ea777104befbd803ee836fee4e1b4b1db3bd2df9abadce31cb620,https://eigenphi.io/mev/eigentx/0x8fdc45706f1ea777104befbd803ee836fee4e1b4b1db3bd2df9abadce31cb620
0x921b9e504085ce0fbf6d94c2885d2327d309a1950644b4e5ec728ad618e71286,19405928,0.4703152129,,0xa009fa1ac416ec02f6f902a3a4a584b092ae6123,0xfbeedcfe378866dab6abbafd8b2986f5c1768737,,Complex Blue Chip Swap (Sell),4,,,ETH  FLOKI  WETH  Uniswa…Pool,0,N,https://eigenphi.io/mev/eigentx/0x921b9e504085ce0fbf6d94c2885d2327d309a1950644b4e5ec728ad618e71286,https://eigenphi.io/mev/eigentx/0x921b9e504085ce0fbf6d94c2885d2327d309a1950644b4e5ec728ad618e71286
0x9229e5a16aeebe563e53c45dbae1f42eb785b123db4441dbf8bc1f76936c6a0a,19538561,0.4981582259,,0x570a00fbf676cba7671c245e4b77c07f8e5a4a9b,0xc6fecdf760af24095cded954de7d81ab49f8bae1,,Complex Blue Chip Swap (Buy),4,,,LDO  WETH  ETH,1,N,https://eigenphi.io/mev/eigentx/0x9229e5a16aeebe563e53c45dbae1f42eb785b123db4441dbf8bc1f76936c6a0a,https://eigenphi.io/mev/eigentx/0x9229e5a16aeebe563e53c45dbae1f42eb785b123db4441dbf8bc1f76936c6a0a
0x92585faa868ac3867f9572c439fa4912f3bd50d4ccb6ae74816f6f956e0cf035,19366497,0.5627376773,,0x0ef80bf5c1f530c1c08effd495d0bccbcd894643,0x6f1cdbbb4d53d226cf4b917bf768b94acbab6168,,Simple Blue Chip Swap (Buy),,,,ETH  LDO  WETH,1,N,https://eigenphi.io/mev/eigentx/0x92585faa868ac3867f9572c439fa4912f3bd50d4ccb6ae74816f6f956e0cf035,https://eigenphi.io/mev/eigentx/0x92585faa868ac3867f9572c439fa4912f3bd50d4ccb6ae74816f6f956e0cf035
0x9a0eebd42dc5fe4ea0db30f7eef8392acd355e02310d5adb45c45ebc8f49e0b2,19491377,1.098306696,,0x570a00fbf676cba7671c245e4b77c07f8e5a4a9b,0xc6fecdf760af24095cded954de7d81ab49f8bae1,,Complex Blue Chip Swap (Buy),4,,,WETH  USDT  NGL  ETH,0,N,https://eigenphi.io/mev/eigentx/0x9a0eebd42dc5fe4ea0db30f7eef8392acd355e02310d5adb45c45ebc8f49e0b2,https://eigenphi.io/mev/eigentx/0x9a0eebd42dc5fe4ea0db30f7eef8392acd355e02310d5adb45c45ebc8f49e0b2
0x9af6329f2d015fad84ee3160edf19d0fc3cc83a3654e5c9f040bb4b1f095a236,19343187,0.4846376391,,0x7088659e96e5dcc91608d871937bdb5fa0776bac,0xc6fecdf760af24095cded954de7d81ab49f8bae1,,Simple Blue Chip Swap (Buy),,,,WETH  PEPE  ETH,0,N,https://eigenphi.io/mev/eigentx/0x9af6329f2d015fad84ee3160edf19d0fc3cc83a3654e5c9f040bb4b1f095a236,https://eigenphi.io/mev/eigentx/0x9af6329f2d015fad84ee3160edf19d0fc3cc83a3654e5c9f040bb4b1f095a236
0x9d5b3b4e069f78c74a1dd306f8c01ef71da6e3e74efb6c4956e433904aae19d3,19515667,0.5700861693,,0x7088659e96e5dcc91608d871937bdb5fa0776bac,0xc6fecdf760af24095cded954de7d81ab49f8bae1,,Complex Blue Chip Swap (Buy),4,,,WETH  VRA  ETH,1,N,https://eigenphi.io/mev/eigentx/0x9d5b3b4e069f78c74a1dd306f8c01ef71da6e3e74efb6c4956e433904aae19d3,https://eigenphi.io/mev/eigentx/0x9d5b3b4e069f78c74a1dd306f8c01ef71da6e3e74efb6c4956e433904aae19d3
0xa75f63938f4f34f9e4c087d1c92e1893749743705e9a40dfe3c24e73b8b6dfd6,19399415,1.079310773,,0x7088659e96e5dcc91608d871937bdb5fa0776bac,0xc6fecdf760af24095cded954de7d81ab49f8bae1,,Simple Blue Chip Swap (Buy),,,,WETH  BXX  ETH,1,N,https://eigenphi.io/mev/eigentx/0xa75f63938f4f34f9e4c087d1c92e1893749743705e9a40dfe3c24e73b8b6dfd6,https://eigenphi.io/mev/eigentx/0xa75f63938f4f34f9e4c087d1c92e1893749743705e9a40dfe3c24e73b8b6dfd6
0xada8e52c92e20457e835cddb92dad9de352649252718328450fe0204f58b48bb,19391343,0.9928063481,,0x000c227e72d9ed7a35a09e260cdd5bd468dcd29b,0x6f1cdbbb4d53d226cf4b917bf768b94acbab6168,,Simple Blue Chip Swap (Buy),,,,ETH  ENS  WETH,65,N,https://eigenphi.io/mev/eigentx/0xada8e52c92e20457e835cddb92dad9de352649252718328450fe0204f58b48bb,https://eigenphi.io/mev/eigentx/0xada8e52c92e20457e835cddb92dad9de352649252718328450fe0204f58b48bb
0xb6e0c2ea1004040ed8f956013c73ed52457afee5d1cc57475049996169dd5a49,19369082,0.4699262653,,0xff64e8e2a0afc9923461f446d7e31863c2bc1f4b,0xc6fecdf760af24095cded954de7d81ab49f8bae1,,Simple Blue Chip Swap (Buy),,,,WETH  MIR  ETH,2,N,https://eigenphi.io/mev/eigentx/0xb6e0c2ea1004040ed8f956013c73ed52457afee5d1cc57475049996169dd5a49,https://eigenphi.io/mev/eigentx/0xb6e0c2ea1004040ed8f956013c73ed52457afee5d1cc57475049996169dd5a49
0xbda63495f31fe96c1e9bef825678a37465b4aaededf5e6a9e974c21edfb883dc,19366780,0.7496508563,,0x000c227e72d9ed7a35a09e260cdd5bd468dcd29b,0x6f1cdbbb4d53d226cf4b917bf768b94acbab6168,,Blue Chip Only Swap,,,,ETH  WETH  USDT,78,N,https://eigenphi.io/mev/eigentx/0xbda63495f31fe96c1e9bef825678a37465b4aaededf5e6a9e974c21edfb883dc,https://eigenphi.io/mev/eigentx/0xbda63495f31fe96c1e9bef825678a37465b4aaededf5e6a9e974c21edfb883dc
0xc57240a927ea4245b3e1b59a9549380ee8f8bf656af81e4585e65cd9f1f35c32,19341920,0.6156353956,,0x1ea6588340b8945c7927f0a70a02d86c699cba41,0x6f1cdbbb4d53d226cf4b917bf768b94acbab6168,,Simple Blue Chip Swap (Buy),,,,ETH  WETH  PEPE,58,N,https://eigenphi.io/mev/eigentx/0xc57240a927ea4245b3e1b59a9549380ee8f8bf656af81e4585e65cd9f1f35c32,https://eigenphi.io/mev/eigentx/0xc57240a927ea4245b3e1b59a9549380ee8f8bf656af81e4585e65cd9f1f35c32
0xc8d8dfbb164ef655c9bfaafb0e683c5dcc6567bb43a5136b38981f483929edac,19549569,0.4816867046,,0x7088659e96e5dcc91608d871937bdb5fa0776bac,0xc6fecdf760af24095cded954de7d81ab49f8bae1,,Simple Blue Chip Swap (Buy),,,,BVM  WETH  ETH,0,N,https://eigenphi.io/mev/eigentx/0xc8d8dfbb164ef655c9bfaafb0e683c5dcc6567bb43a5136b38981f483929edac,https://eigenphi.io/mev/eigentx/0xc8d8dfbb164ef655c9bfaafb0e683c5dcc6567bb43a5136b38981f483929edac
0xcc2765cc00989e6741310191276e9052d3bf57cb164fb7f208d7caab88ff5c0e,19370443,0.5716965081,,0x570a00fbf676cba7671c245e4b77c07f8e5a4a9b,0xc6fecdf760af24095cded954de7d81ab49f8bae1,,Complex Blue Chip Swap (Buy),4,,,WETH  Metis  ETH,1,N,https://eigenphi.io/mev/eigentx/0xcc2765cc00989e6741310191276e9052d3bf57cb164fb7f208d7caab88ff5c0e,https://eigenphi.io/mev/eigentx/0xcc2765cc00989e6741310191276e9052d3bf57cb164fb7f208d7caab88ff5c0e
0xcd9e8c243ca25bd7414bf22702940eed797a54386afbc194d249e9898e45629f,19472062,0.4515918458,,0x1ea6588340b8945c7927f0a70a02d86c699cba41,0x6f1cdbbb4d53d226cf4b917bf768b94acbab6168,,Blue Chip Only Swap,,,,ETH  WETH  USDC,103,N,https://eigenphi.io/mev/eigentx/0xcd9e8c243ca25bd7414bf22702940eed797a54386afbc194d249e9898e45629f,https://eigenphi.io/mev/eigentx/0xcd9e8c243ca25bd7414bf22702940eed797a54386afbc194d249e9898e45629f
0xd33f2106ec902d1f5f23d397ad32489369249bff939d263144f45ae7191df8b7,19471858,0.4894290464,,0x0a9309bdb9bab59ff76872f6f9b7b24dd67c51ad,0x6f1cdbbb4d53d226cf4b917bf768b94acbab6168,,Blue Chip Only Swap,,,,ETH  USDC  WETH,1,N,https://eigenphi.io/mev/eigentx/0xd33f2106ec902d1f5f23d397ad32489369249bff939d263144f45ae7191df8b7,https://eigenphi.io/mev/eigentx/0xd33f2106ec902d1f5f23d397ad32489369249bff939d263144f45ae7191df8b7
0xdd6319496ec655a7e4d1c3d20a32cf64b3f4ec4e505828b47490b776126c689a,19366497,0.8882245589,,0x000c227e72d9ed7a35a09e260cdd5bd468dcd29b,0x6f1cdbbb4d53d226cf4b917bf768b94acbab6168,,Simple Blue Chip Swap (Sell),,,,ETH  WETH  LDO,127,N,https://eigenphi.io/mev/eigentx/0xdd6319496ec655a7e4d1c3d20a32cf64b3f4ec4e505828b47490b776126c689a,https://eigenphi.io/mev/eigentx/0xdd6319496ec655a7e4d1c3d20a32cf64b3f4ec4e505828b47490b776126c689a
0xde2bdb1e4b84ff78d4dc20190d216f8d16769f1a9f54ac1d5e8f9a5c6927c8ca,19366497,9.172432857,,0x062d70df2c5ada007863fae86713ec430593e402,0x6f1cdbbb4d53d226cf4b917bf768b94acbab6168,,Simple Blue Chip Swap (Buy),,,,ETH  LDO  WETH,0,N,https://eigenphi.io/mev/eigentx/0xde2bdb1e4b84ff78d4dc20190d216f8d16769f1a9f54ac1d5e8f9a5c6927c8ca,https://eigenphi.io/mev/eigentx/0xde2bdb1e4b84ff78d4dc20190d216f8d16769f1a9f54ac1d5e8f9a5c6927c8ca
0xe1b05a19e924e97c904e1fa8ae2e43da549f100ca6409df05ef04a5783d9f2a1,19395609,1.85097179,,0x7088659e96e5dcc91608d871937bdb5fa0776bac,0xc6fecdf760af24095cded954de7d81ab49f8bae1,,Complex Blue Chip Swap (Buy),4,,,SPELL  WETH  ETH,1,N,https://eigenphi.io/mev/eigentx/0xe1b05a19e924e97c904e1fa8ae2e43da549f100ca6409df05ef04a5783d9f2a1,https://eigenphi.io/mev/eigentx/0xe1b05a19e924e97c904e1fa8ae2e43da549f100ca6409df05ef04a5783d9f2a1
0xe50bdb742919780ccf673f952943dc1404fbcdf0df8c01565aa347b4bd2fadc3,19420347,0.7326469801,,0x570a00fbf676cba7671c245e4b77c07f8e5a4a9b,0xc6fecdf760af24095cded954de7d81ab49f8bae1,,Simple Blue Chip Swap (Buy),,,,WETH  FLOKI  ETH,1,N,https://eigenphi.io/mev/eigentx/0xe50bdb742919780ccf673f952943dc1404fbcdf0df8c01565aa347b4bd2fadc3,https://eigenphi.io/mev/eigentx/0xe50bdb742919780ccf673f952943dc1404fbcdf0df8c01565aa347b4bd2fadc3
0xe53bcce7486903d83bbcf393e10a15c86afcc86e58a72caae8e7265f80a78d8e,19378186,0.6191209224,,0x7088659e96e5dcc91608d871937bdb5fa0776bac,0xc6fecdf760af24095cded954de7d81ab49f8bae1,,Simple Blue Chip Swap (Buy),,,,WETH  PDEX  ETH,1,N,https://eigenphi.io/mev/eigentx/0xe53bcce7486903d83bbcf393e10a15c86afcc86e58a72caae8e7265f80a78d8e,https://eigenphi.io/mev/eigentx/0xe53bcce7486903d83bbcf393e10a15c86afcc86e58a72caae8e7265f80a78d8e
0xeb9128eb139c1b42d2323a72bc4e27f8d7fac946b0099d0ef133dcc90ad61dc1,19462321,0.663629874,,0x000c227e72d9ed7a35a09e260cdd5bd468dcd29b,0x6f1cdbbb4d53d226cf4b917bf768b94acbab6168,,Blue Chip Only Swap,,,,ETH  USDC  WETH,44,N,https://eigenphi.io/mev/eigentx/0xeb9128eb139c1b42d2323a72bc4e27f8d7fac946b0099d0ef133dcc90ad61dc1,https://eigenphi.io/mev/eigentx/0xeb9128eb139c1b42d2323a72bc4e27f8d7fac946b0099d0ef133dcc90ad61dc1
0xf12ec325f8cbaa34e4b603a03eb8620fcb2b2ce49b053bca1893c1c9965e4343,19421955,3.175428423,,0xff64e8e2a0afc9923461f446d7e31863c2bc1f4b,0xc6fecdf760af24095cded954de7d81ab49f8bae1,,Simple Blue Chip Swap (Buy),,,,WETH  FLOKI  ETH,1,N,https://eigenphi.io/mev/eigentx/0xf12ec325f8cbaa34e4b603a03eb8620fcb2b2ce49b053bca1893c1c9965e4343,https://eigenphi.io/mev/eigentx/0xf12ec325f8cbaa34e4b603a03eb8620fcb2b2ce49b053bca1893c1c9965e4343
0xf16db7d38bcd0b5e7dae1c9957eece312e5a3f1e331bbe4741f4305aec8f2396,19421675,0.5302490201,,0x08f990eb738c7b7d80b6e57677acb4620a77cfcf,0x6f1cdbbb4d53d226cf4b917bf768b94acbab6168,,Blue Chip Only Swap,,,,ETH  WETH  USDC,71,N,https://eigenphi.io/mev/eigentx/0xf16db7d38bcd0b5e7dae1c9957eece312e5a3f1e331bbe4741f4305aec8f2396,https://eigenphi.io/mev/eigentx/0xf16db7d38bcd0b5e7dae1c9957eece312e5a3f1e331bbe4741f4305aec8f2396
0xf26ce73efc94796e1321dc56c29105113f0362203a65119a9ee40ac161b59156,19525566,0.6498488827,,0xa009fa1ac416ec02f6f902a3a4a584b092ae6123,0xfbeedcfe378866dab6abbafd8b2986f5c1768737,,Complex Blue Chip Swap (Buy),4,,,ETH  WETH  TOKEN,1,N,https://eigenphi.io/mev/eigentx/0xf26ce73efc94796e1321dc56c29105113f0362203a65119a9ee40ac161b59156,https://eigenphi.io/mev/eigentx/0xf26ce73efc94796e1321dc56c29105113f0362203a65119a9ee40ac161b59156
0xf678c1b38b5484a6d01b592191201d1dd3be00744f055daf96f0384feb704760,19434889,2.046160651,,0x19b446b75c218a14f8f6c8011dc314aa60cf09fa,0x6f1cdbbb4d53d226cf4b917bf768b94acbab6168,,Complex Blue Chip Swap (Buy),4,,,ETH  WETH  CVX,0,N,https://eigenphi.io/mev/eigentx/0xf678c1b38b5484a6d01b592191201d1dd3be00744f055daf96f0384feb704760,https://eigenphi.io/mev/eigentx/0xf678c1b38b5484a6d01b592191201d1dd3be00744f055daf96f0384feb704760
0xf936048cd2955835b2889376b515228b9271cc979b5ecd5b3504036f223a652d,19366498,7.419934272,,0x1fa35af839876d9564b84fcfd09ce3814dbd92b8,0x6f1cdbbb4d53d226cf4b917bf768b94acbab6168,,Simple Blue Chip Swap (Sell),,,,ETH  WETH  LDO,0,N,https://eigenphi.io/mev/eigentx/0xf936048cd2955835b2889376b515228b9271cc979b5ecd5b3504036f223a652d,https://eigenphi.io/mev/eigentx/0xf936048cd2955835b2889376b515228b9271cc979b5ecd5b3504036f223a652d
0xfe28183b26f1f6c65bb371ee56a7737a2ebaa5cffd07f734d407575965663b95,19339643,0.5001702495,,0xff64e8e2a0afc9923461f446d7e31863c2bc1f4b,0xc6fecdf760af24095cded954de7d81ab49f8bae1,,Simple Blue Chip Swap (Buy),,,,WETH  SPELL  ETH,2,N,https://eigenphi.io/mev/eigentx/0xfe28183b26f1f6c65bb371ee56a7737a2ebaa5cffd07f734d407575965663b95,https://eigenphi.io/mev/eigentx/0xfe28183b26f1f6c65bb371ee56a7737a2ebaa5cffd07f734d407575965663b95
0x2cc0341cbd7b7ce5d72a488079eace1773b583d951a9b6d371c74c6fd4bf72d4,19468580,1.606191922,3276.912204,0xe556e36537fd64a5a9572961f0a5aa0f61997e68,0x53facee52e897740b140f5304e9cd9dc6238d735,,Complex Blue Chip Arb,4,,,USDC  USDT  WBTC  WETH  ETH,11,Y,https://eigenphi.io/mev/eigentx/0x2cc0341cbd7b7ce5d72a488079eace1773b583d951a9b6d371c74c6fd4bf72d4,https://eigenphi.io/mev/eigentx/0x2cc0341cbd7b7ce5d72a488079eace1773b583d951a9b6d371c74c6fd4bf72d4
0x3518931ef6533660c6f742f283ee1e48236c464fadb430d60309ec38ac06cccf,19447621,0.6878605719,3677.401632,0x080086911d8c78008800fae75871a657b77d0082,0x0000e0ca771e21bd00057f54a68c30d400000000,,Simple Blue Chip Arb,,,,ETH  WETH  PEPE,1,Y,https://eigenphi.io/mev/eigentx/0x3518931ef6533660c6f742f283ee1e48236c464fadb430d60309ec38ac06cccf,https://eigenphi.io/mev/eigentx/0x3518931ef6533660c6f742f283ee1e48236c464fadb430d60309ec38ac06cccf
0x3607bcfb98ec23ff7885d0431cf0b9ef0a74ae2fa8529b33693174fbe568d2a9,19510576,0.7751730299,3443.821524,0xf90029931c7a9a27e350cd35c91cbedbb58350c4,0xd4674001a9a66b31f3c09e3b1fec465404c83d35,,Complex Blue Chip Arb,4,,,ETH  USDC  USDT  BEFI  WETH,60,Y,https://eigenphi.io/mev/eigentx/0x3607bcfb98ec23ff7885d0431cf0b9ef0a74ae2fa8529b33693174fbe568d2a9,https://eigenphi.io/mev/eigentx/0x3607bcfb98ec23ff7885d0431cf0b9ef0a74ae2fa8529b33693174fbe568d2a9
0x3a84fa0520a56b20cdf11e9cc14195a2d882db12b72f3576844644e880bd84ce,19510524,1.879371146,3444.177622,0xf90029931c7a9a27e350cd35c91cbedbb58350c4,0xd4674001a9a66b31f3c09e3b1fec465404c83d35,,Complex Blue Chip Arb,4,,,ETH  USDT  BEFI  WETH,31,Y,https://eigenphi.io/mev/eigentx/0x3a84fa0520a56b20cdf11e9cc14195a2d882db12b72f3576844644e880bd84ce,https://eigenphi.io/mev/eigentx/0x3a84fa0520a56b20cdf11e9cc14195a2d882db12b72f3576844644e880bd84ce
0x48f93d776122d0cd764104143ac06b772c8f5b03ea32edeae72a807962161a56,19407653,2.645352636,3850.909579,0x30a1b724c9dfe2e12a19ed84878312d199d1519e,0x0000000000a84d1a9b0063a910315c7ffa9cd248,,Complex Blue Chip Arb,4,,,#VALUE!,1,Y,https://eigenphi.io/mev/eigentx/0x48f93d776122d0cd764104143ac06b772c8f5b03ea32edeae72a807962161a56,https://eigenphi.io/mev/eigentx/0x48f93d776122d0cd764104143ac06b772c8f5b03ea32edeae72a807962161a56
0x4ad9107c1713a976d7bcf60d1c4cf841d71d24af68d36997c58373e5425e27fc,19510525,0.6257374506,3441.840452,0xf90029931c7a9a27e350cd35c91cbedbb58350c4,0xd4674001a9a66b31f3c09e3b1fec465404c83d35,,Complex Blue Chip Arb,4,,,ETH  USDT  BEFI  WETH  USDC,87,Y,https://eigenphi.io/mev/eigentx/0x4ad9107c1713a976d7bcf60d1c4cf841d71d24af68d36997c58373e5425e27fc,https://eigenphi.io/mev/eigentx/0x4ad9107c1713a976d7bcf60d1c4cf841d71d24af68d36997c58373e5425e27fc
0x4e9bc2478091f4e6cf8892de295f483d9485916539ab37a378a5b64058650507,19505088,1.671366779,3396.812925,0x4dfae204a53e4d10e842a7eb2e7ad4931c3abe5b,0x53facee52e897740b140f5304e9cd9dc6238d735,,Complex Blue Chip Arb,4,,,IONET  WETH  ETH,0,Y,https://eigenphi.io/mev/eigentx/0x4e9bc2478091f4e6cf8892de295f483d9485916539ab37a378a5b64058650507,https://eigenphi.io/mev/eigentx/0x4e9bc2478091f4e6cf8892de295f483d9485916539ab37a378a5b64058650507
0x5cefa137ebf4a8f2ae73a8bcbec4ca8cd776005df8b782fca9590d4245d56906,19539100,4.908035607,3542.916168,0xf62f32045a970cdf488e8136a4ff59c77ace2523,0x0000e0ca771e21bd00057f54a68c30d400000000,,Complex Blue Chip Arb,4,,,ETH  OPN  WETH,1,Y,https://eigenphi.io/mev/eigentx/0x5cefa137ebf4a8f2ae73a8bcbec4ca8cd776005df8b782fca9590d4245d56906,https://eigenphi.io/mev/eigentx/0x5cefa137ebf4a8f2ae73a8bcbec4ca8cd776005df8b782fca9590d4245d56906
0x6c136b3d7638c2117e73990fbc140b754332d9ff578fabd499fcb9bffdfba3ce,19471993,0.5420584376,3164.974556,0x30a1b724c9dfe2e12a19ed84878312d199d1519e,0x0000000000a84d1a9b0063a910315c7ffa9cd248,,Complex Blue Chip Arb,4,,,WETH  FXS  FRAX  USDT  crvUSD  frxETH  DAI  ETH,4,Y,https://eigenphi.io/mev/eigentx/0x6c136b3d7638c2117e73990fbc140b754332d9ff578fabd499fcb9bffdfba3ce,https://eigenphi.io/mev/eigentx/0x6c136b3d7638c2117e73990fbc140b754332d9ff578fabd499fcb9bffdfba3ce
0xab2510b3ada8720af6d14f100011b2f0dd815d983edbab300e5089cfe9e5d601,19490583,1.167292206,3343.831287,0xcb2ed83402408d32441bfaef2167393f31e8574c,0x53facee52e897740b140f5304e9cd9dc6238d735,,Complex Blue Chip Arb,4,,,WETH  ETH  ETH+,128,Y,https://eigenphi.io/mev/eigentx/0xab2510b3ada8720af6d14f100011b2f0dd815d983edbab300e5089cfe9e5d601,https://eigenphi.io/mev/eigentx/0xab2510b3ada8720af6d14f100011b2f0dd815d983edbab300e5089cfe9e5d601
0xab3abb6023648efdcc982ce85540e1016829de18027af1c01d81bc742dc134a9,19510551,1.018371998,3445.550745,0xf90029931c7a9a27e350cd35c91cbedbb58350c4,0xd4674001a9a66b31f3c09e3b1fec465404c83d35,,Complex Blue Chip Arb,4,,,ETH  USDC  USDT  BEFI  WETH,56,Y,https://eigenphi.io/mev/eigentx/0xab3abb6023648efdcc982ce85540e1016829de18027af1c01d81bc742dc134a9,https://eigenphi.io/mev/eigentx/0xab3abb6023648efdcc982ce85540e1016829de18027af1c01d81bc742dc134a9
0xad181a47e4ec118e104bbda108d80aeaf50b99b19190fce2d7dccd2850bb3618,19510531,0.9774821151,3440.871318,0xf90029931c7a9a27e350cd35c91cbedbb58350c4,0xd4674001a9a66b31f3c09e3b1fec465404c83d35,,Complex Blue Chip Arb,4,,,ETH  USDC  USDT  BEFI  WETH,129,Y,https://eigenphi.io/mev/eigentx/0xad181a47e4ec118e104bbda108d80aeaf50b99b19190fce2d7dccd2850bb3618,https://eigenphi.io/mev/eigentx/0xad181a47e4ec118e104bbda108d80aeaf50b99b19190fce2d7dccd2850bb3618
0xb6b9f05d79ca51a822ed003c63e97103dee2c11cbe3942a63ed8ab7d32a0543f,19532451,3.958110191,3576.327506,0xd7e1236c08731c3632519dcd1a581bfe6876a3b2,0x24902aa0cf0000a08c0ea0b003b0c0bf600000e0,,Complex Blue Chip Arb,4,,,ETH  WETH  USDe  USDT  mkUSD  ULTRA  USDC,1,Y,https://eigenphi.io/mev/eigentx/0xb6b9f05d79ca51a822ed003c63e97103dee2c11cbe3942a63ed8ab7d32a0543f,https://eigenphi.io/mev/eigentx/0xb6b9f05d79ca51a822ed003c63e97103dee2c11cbe3942a63ed8ab7d32a0543f
0xb73a8ffeaa1db035927d607fe923148c74aa8d1871e9116956733fd46e30a6c5,19491013,0.6876536986,3332.98391,0x30a1b724c9dfe2e12a19ed84878312d199d1519e,0x0000000000a84d1a9b0063a910315c7ffa9cd248,,Complex Blue Chip Arb,4,,,ETH  WETH  USDC  crvFRAX  cvxFXS  FXS  FRAX  crvUSD  USDT,1,Y,https://eigenphi.io/mev/eigentx/0xb73a8ffeaa1db035927d607fe923148c74aa8d1871e9116956733fd46e30a6c5,https://eigenphi.io/mev/eigentx/0xb73a8ffeaa1db035927d607fe923148c74aa8d1871e9116956733fd46e30a6c5
0xd6e386158304327244a71692fa9f4e706fd06d38b4ff73343abfd681e77ba0a6,19485564,0.5017993625,3483.841231,0x7c0f8a684c42ac83ce65a59e89ef5a295932c922,0x53facee52e897740b140f5304e9cd9dc6238d735,,Complex Blue Chip Arb,4,,,USDC  USDT  WETH  ETH,1,Y,https://eigenphi.io/mev/eigentx/0xd6e386158304327244a71692fa9f4e706fd06d38b4ff73343abfd681e77ba0a6,https://eigenphi.io/mev/eigentx/0xd6e386158304327244a71692fa9f4e706fd06d38b4ff73343abfd681e77ba0a6
0xd8feb17b068e11ced969f8b4790d6acd48ef88b046336f701c2bba6a733acc05,19510529,0.5311611494,3440.871318,0xf90029931c7a9a27e350cd35c91cbedbb58350c4,0xd4674001a9a66b31f3c09e3b1fec465404c83d35,,Complex Blue Chip Arb,4,,,ETH  USDC  USDT  BEFI  WETH,60,Y,https://eigenphi.io/mev/eigentx/0xd8feb17b068e11ced969f8b4790d6acd48ef88b046336f701c2bba6a733acc05,https://eigenphi.io/mev/eigentx/0xd8feb17b068e11ced969f8b4790d6acd48ef88b046336f701c2bba6a733acc05
0xea3d2bae4fd7e8c7e76e8da389fb8a9b4f946c1eb27d1db3e8b6d346d047c4ed,19468580,1.479695026,3272.426238,0xf90029931c7a9a27e350cd35c91cbedbb58350c4,0xd4674001a9a66b31f3c09e3b1fec465404c83d35,,Complex Blue Chip Arb,4,,,ETH  USDC  WETH,1,Y,https://eigenphi.io/mev/eigentx/0xea3d2bae4fd7e8c7e76e8da389fb8a9b4f946c1eb27d1db3e8b6d346d047c4ed,https://eigenphi.io/mev/eigentx/0xea3d2bae4fd7e8c7e76e8da389fb8a9b4f946c1eb27d1db3e8b6d346d047c4ed
0xfb0662800c27893ed57b44aa26e5def0750106cde2b8f3d9ec3fee1c9b14d6de,19510536,0.4718972084,3440.871318,0xf90029931c7a9a27e350cd35c91cbedbb58350c4,0xd4674001a9a66b31f3c09e3b1fec465404c83d35,,Complex Blue Chip Arb,4,,,ETH  USDC  USDT  BEFI  WETH,145,Y,https://eigenphi.io/mev/eigentx/0xfb0662800c27893ed57b44aa26e5def0750106cde2b8f3d9ec3fee1c9b14d6de,https://eigenphi.io/mev/eigentx/0xfb0662800c27893ed57b44aa26e5def0750106cde2b8f3d9ec3fee1c9b14d6de
0xffeb6052adfb57bd7bbac522a48ab1e95f62cdc7064715705e055951a8c3b755,19371254,4.15727178,3455.505684,0x346c802df3404bec2f265603db28b815321251ee,0x0000000000a84d1a9b0063a910315c7ffa9cd248,,Complex Blue Chip Arb,4,,,WETH  WBTC  USDT  USDC  DAI  ETH,1,Y,https://eigenphi.io/mev/eigentx/0xffeb6052adfb57bd7bbac522a48ab1e95f62cdc7064715705e055951a8c3b755,https://eigenphi.io/mev/eigentx/0xffeb6052adfb57bd7bbac522a48ab1e95f62cdc7064715705e055951a8c3b755